"provinceid","province","year","traffic_milperskm","population","traffic_thouskmperinhab"
80051,"An Giang",1998,294.367912541505,2033628.24120071,0.14475011045662
80051,"An Giang",1999,381.452564769548,2043457.1431078,0.186670205468275
80051,"An Giang",2000,494.3,2053286.04501488,0.240736063638136
80051,"An Giang",2001,494.6,2063114.94692197,0.239734582281957
80051,"An Giang",2002,472.4,2072943.84882905,0.227888468984264
80051,"An Giang",2003,1132.1,2082772.75073614,0.543554259388053
80051,"An Giang",2004,1234.1,2092601.65264322,0.589744349308515
80051,"An Giang",2005,1495.5,2102430.5545503,0.711319570942916
80051,"An Giang",2006,1676.3,2112500.16591273,0.793514730577896
80051,"An Giang",2007,1517.7,2122569.77727515,0.715029496909329
80051,"An Giang",2008,1692.5,2132639.38863758,0.793617528128487
80051,"An Giang",2009,1637.1,2142709,0.764032820135632
80051,"An Giang",2010,1792.6,2119273,0.845856102540824
80051,"An Giang",2011,1824.2,2095836,0.870392530713281
80051,"An Giang",2012,1935.4,2072402,0.933892169569418
80051,"An Giang",2013,1996.6,2048965,0.974443194490877
80051,"An Giang",2014,2086,2025531,1.02985340634135
80051,"An Giang",2015,2146.5,2002096,1.07212641152073
80051,"An Giang",2016,2305.3,1978660,1.16508141873793
80051,"An Giang",2017,2466.7,1955225,1.26159393420195
80051,"An Giang",2018,2761.96,1931787,1.42974354833116
80051,"An Giang",2019,3092.6,1908352,1.62056056744248
80051,"An Giang",2020,3140.3,1885896,1.66515014613743
80052,"Ba Ria - Vung Tau",1998,635.690338285428,774852.826957874,0.820401392585986
80052,"Ba Ria - Vung Tau",1999,713.885806136687,794183.799783798,0.898892430607411
80052,"Ba Ria - Vung Tau",2000,801.7,813514.772609721,0.985476880067193
80052,"Ba Ria - Vung Tau",2001,876.5,832845.745435644,1.05241577423382
80052,"Ba Ria - Vung Tau",2002,831.6,852176.718261566,0.97585393050453
80052,"Ba Ria - Vung Tau",2003,891.3,871507.691087489,1.02271042368865
80052,"Ba Ria - Vung Tau",2004,1175.5,890838.663913413,1.31954308632731
80052,"Ba Ria - Vung Tau",2005,1385.8,910169.636739335,1.52257331387652
80052,"Ba Ria - Vung Tau",2006,1561,931797.727554502,1.675256285607
80052,"Ba Ria - Vung Tau",2007,1707,953425.818369669,1.79038575116302
80052,"Ba Ria - Vung Tau",2008,1861.5,975053.909184834,1.90912521088834
80052,"Ba Ria - Vung Tau",2009,1978.7,996682,1.98528718287277
80052,"Ba Ria - Vung Tau",2010,2008.4,1011845,1.98488898991446
80052,"Ba Ria - Vung Tau",2011,2048.6,1027007,1.99472837088744
80052,"Ba Ria - Vung Tau",2012,2273.2,1042172,2.18121384953731
80052,"Ba Ria - Vung Tau",2013,2399.8,1057334,2.26967070008153
80052,"Ba Ria - Vung Tau",2014,2522.6,1072498,2.35207897823586
80052,"Ba Ria - Vung Tau",2015,2643.7,1087661,2.43062866095226
80052,"Ba Ria - Vung Tau",2016,2672.8,1102823,2.4235983471509
80052,"Ba Ria - Vung Tau",2017,2803.8,1117988,2.50789811697442
80052,"Ba Ria - Vung Tau",2018,3149.33,1133150,2.77927017605789
80052,"Ba Ria - Vung Tau",2019,3263,1148313,2.84155974895346
80052,"Ba Ria - Vung Tau",2020,2062.7,1164457,1.77138357191378
80011,"Bac Giang",1998,180.531489443492,1485507.81358436,0.121528468441974
80011,"Bac Giang",1999,205.402553740074,1491697.69004356,0.137697172229366
80011,"Bac Giang",2000,233.7,1497887.56650275,0.156019720856379
80011,"Bac Giang",2001,239.1,1504077.44296195,0.158967878362131
80011,"Bac Giang",2002,204.9,1510267.31942115,0.135671345969754
80011,"Bac Giang",2003,289.2,1516457.19588035,0.190707657812993
80011,"Bac Giang",2004,365.9,1522647.07233954,0.240305193926387
80011,"Bac Giang",2005,389.5,1528836.94879874,0.254768829538064
80011,"Bac Giang",2006,469.5,1535160.46159905,0.305831222041088
80011,"Bac Giang",2007,570.3,1541483.97439937,0.36996816669613
80011,"Bac Giang",2008,654.6,1547807.48719969,0.422920812448266
80011,"Bac Giang",2009,775.4,1554131,0.498928340017669
80011,"Bac Giang",2010,977.5,1579112,0.619018790307464
80011,"Bac Giang",2011,977,1604096,0.609065791573572
80011,"Bac Giang",2012,1081.4,1629076,0.663811878635497
80011,"Bac Giang",2013,1163.6,1654059,0.703481556582927
80011,"Bac Giang",2014,1225.2,1679041,0.729702252654938
80011,"Bac Giang",2015,1263.4,1704022,0.741422352528313
80011,"Bac Giang",2016,1363.2,1729005,0.788430339993233
80011,"Bac Giang",2017,1476.3,1753985,0.841683366733467
80011,"Bac Giang",2018,1595.5,1778969,0.896867792524771
80011,"Bac Giang",2019,1819.1,1803950,1.0083982372017
80011,"Bac Giang",2020,1228.1,1830866,0.670775469094953
80004,"Bac Kan",1998,20.4971187623742,273290.817738424,0.075001124926168
80004,"Bac Kan",1999,26.2821784160295,275135.292132569,0.0955245625245559
80004,"Bac Kan",2000,33.7,276979.766526714,0.121669537174477
80004,"Bac Kan",2001,35.8,278824.240920859,0.128396296827583
80004,"Bac Kan",2002,37,280668.715315004,0.131828016380357
80004,"Bac Kan",2003,65.4,282513.189709148,0.231493616518685
80004,"Bac Kan",2004,119.4,284357.664103293,0.419893729175619
80004,"Bac Kan",2005,115.9,286202.138497438,0.404958539473098
80004,"Bac Kan",2006,119.8,288108.103873079,0.415816141196694
80004,"Bac Kan",2007,122.6,290014.069248719,0.422738111697805
80004,"Bac Kan",2008,146.2,291920.03462436,0.50082208365085
80004,"Bac Kan",2009,194.7,293826,0.662637070919524
80004,"Bac Kan",2010,194.7,295834,0.658139361939466
80004,"Bac Kan",2011,222.7,297841,0.7477143845206
80004,"Bac Kan",2012,216.6,299850,0.722361180590295
80004,"Bac Kan",2013,210.9,301857,0.69867520050885
80004,"Bac Kan",2014,220.8,303865,0.726638474322479
80004,"Bac Kan",2015,227.6,305874,0.744097242655473
80004,"Bac Kan",2016,231.9,307881,0.753213092071287
80004,"Bac Kan",2017,230.3,309890,0.743166930201039
80004,"Bac Kan",2018,203.1,311897,0.651176510194071
80004,"Bac Kan",2019,259,313905,0.825090393590418
80004,"Bac Kan",2020,146.3,315979,0.463005452894021
80061,"Bac Lieu",1998,155.790024221054,723601.580779151,0.215298070594739
80061,"Bac Lieu",1999,184.330692730787,735346.239324664,0.250671973110347
80061,"Bac Lieu",2000,218.1,747090.897870177,0.291932348020521
80061,"Bac Lieu",2001,235.9,758835.556415688,0.310871041829219
80061,"Bac Lieu",2002,249.5,770580.214961201,0.323781995898457
80061,"Bac Lieu",2003,358.5,782324.873506714,0.45824952285238
80061,"Bac Lieu",2004,408.7,794069.532052226,0.514690443976284
80061,"Bac Lieu",2005,513.6,805814.190597738,0.637367777823596
80061,"Bac Lieu",2006,578.5,818490.142948305,0.706789208134101
80061,"Bac Lieu",2007,618.2,831166.09529887,0.743774323202763
80061,"Bac Lieu",2008,770.1,843842.047649433,0.912611551113333
80061,"Bac Lieu",2009,835.4,856518,0.975344359371315
80061,"Bac Lieu",2010,839.6,861589,0.974478550677875
80061,"Bac Lieu",2011,862.2,866662,0.994851510738904
80061,"Bac Lieu",2012,912.4,871733,1.04665075200778
80061,"Bac Lieu",2013,934.2,876805,1.06545925262744
80061,"Bac Lieu",2014,965.6,881877,1.09493727583325
80061,"Bac Lieu",2015,1073.7,886949,1.21055438362296
80061,"Bac Lieu",2016,1173.6,892022,1.31566261818655
80061,"Bac Lieu",2017,1283.9,897092,1.43117985669251
80061,"Bac Lieu",2018,1391.68,902164,1.54260201027751
80061,"Bac Lieu",2019,1502.2,907236,1.65579849124153
80061,"Bac Lieu",2020,1575.7,912395,1.72699324305811
80015,"Bac Ninh",1998,80.9373400220794,932790.401149053,0.0867690532861157
80015,"Bac Ninh",1999,88.1015942427685,940990.906949332,0.0936264033925595
80015,"Bac Ninh",2000,95.9,949191.412749607,0.101033362409167
80015,"Bac Ninh",2001,102.3,957391.918549884,0.10685279248539
80015,"Bac Ninh",2002,105.3,965592.424350161,0.109052222598853
80015,"Bac Ninh",2003,134.1,973792.930150438,0.137708948019661
80015,"Bac Ninh",2004,107.3,981993.435950715,0.109267532828382
80015,"Bac Ninh",2005,122.3,990193.941750992,0.123511157605886
80015,"Bac Ninh",2006,149.4,998763.456313244,0.149584968348245
80015,"Bac Ninh",2007,200.9,1007332.97087549,0.19943753039811
80015,"Bac Ninh",2008,244.7,1015902.48543775,0.240869575089739
80015,"Bac Ninh",2009,280,1024472,0.273311520471033
80015,"Bac Ninh",2010,333.2,1058908,0.314663785711318
80015,"Bac Ninh",2011,338.9,1093347,0.309965637624652
80015,"Bac Ninh",2012,368.8,1127782,0.327013554037926
80015,"Bac Ninh",2013,389.3,1162219,0.334962687755062
80015,"Bac Ninh",2014,401.2,1196656,0.335267612413258
80015,"Bac Ninh",2015,442.9,1231093,0.359761610211414
80015,"Bac Ninh",2016,492.6,1265531,0.389243724570951
80015,"Bac Ninh",2017,549.7,1299965,0.42285753847219
80015,"Bac Ninh",2018,761.89,1334403,0.570959447783016
80015,"Bac Ninh",2019,840.9,1368840,0.614315771017796
80015,"Bac Ninh",2020,531.6,1406594,0.377934215559003
80054,"Ben Tre",1998,306.669096736271,1302970.22276263,0.235361554223437
80054,"Ben Tre",1999,334.198870481858,1298669.05130696,0.257339520138349
80054,"Ben Tre",2000,364.2,1294367.87985129,0.281372865990651
80054,"Ben Tre",2001,394.7,1290066.70839562,0.305953170817706
80054,"Ben Tre",2002,408.1,1285765.53693995,0.317398458953299
80054,"Ben Tre",2003,456.3,1281464.36548427,0.356077010247227
80054,"Ben Tre",2004,486.6,1277163.1940286,0.381000644455702
80054,"Ben Tre",2005,583.2,1272862.02257293,0.458180061670105
80054,"Ben Tre",2006,605.3,1268633.0169297,0.477127736644381
80054,"Ben Tre",2007,711.4,1264404.01128646,0.562636620613207
80054,"Ben Tre",2008,711.2,1260175.00564323,0.5643660577421
80054,"Ben Tre",2009,787.8,1255946,0.627256267387292
80054,"Ben Tre",2010,902.6,1259197,0.716806027968618
80054,"Ben Tre",2011,1068.5,1262449,0.84637082369268
80054,"Ben Tre",2012,1135.9,1265702,0.89744663435785
80054,"Ben Tre",2013,1235.9,1268952,0.973953309502645
80054,"Ben Tre",2014,1192.9,1272204,0.93766408531965
80054,"Ben Tre",2015,1308.6,1275457,1.02598519589449
80054,"Ben Tre",2016,1440.5,1278709,1.12652683292289
80054,"Ben Tre",2017,1558.6,1281960,1.215794564573
80054,"Ben Tre",2018,1715.29,1285210,1.33463791909493
80054,"Ben Tre",2019,1839.8,1288463,1.42790285790124
80054,"Ben Tre",2020,1710.1,1291864,1.32374615284581
80045,"Binh Duong",1998,61.9091101634861,647956.731772137,0.0955451299875642
80045,"Binh Duong",1999,84.0097527590542,713467.641709526,0.11774851142199
80045,"Binh Duong",2000,114,778978.551646916,0.146345492772531
80045,"Binh Duong",2001,119.3,844489.461584304,0.141268784782923
80045,"Binh Duong",2002,152.5,910000.371521693,0.16758234916431
80045,"Binh Duong",2003,179.7,975511.281459082,0.18421109362387
80045,"Binh Duong",2004,317.4,1041022.19139647,0.304892635933367
80045,"Binh Duong",2005,467.6,1106533.10133386,0.422581122459271
80045,"Binh Duong",2006,654.3,1200287.32600039,0.545119477500661
80045,"Binh Duong",2007,872.1,1294041.55066693,0.673935083112696
80045,"Binh Duong",2008,1214.7,1387795.77533346,0.875272876304965
80045,"Binh Duong",2009,1525.2,1481550,1.02946238736458
80045,"Binh Duong",2010,1804.3,1576052,1.14482263275577
80045,"Binh Duong",2011,1941,1670551,1.16189209428506
80045,"Binh Duong",2012,2111,1765054,1.19599740291232
80045,"Binh Duong",2013,2257.9,1859553,1.21421653483391
80045,"Binh Duong",2014,2420.2,1954056,1.23855201693298
80045,"Binh Duong",2015,2686.4,2048558,1.31136145522851
80045,"Binh Duong",2016,2979.2,2143057,1.39016367740102
80045,"Binh Duong",2017,3104.3,2237560,1.38735944510985
80045,"Binh Duong",2018,3275.72,2332059,1.40464713800123
80045,"Binh Duong",2019,3425.1,2426561,1.41150377015043
80045,"Binh Duong",2020,3488.5,2535709,1.37574934663244
80035,"Binh Dinh",1998,610.0047230421,1457608.98493577,0.418496818657425
80035,"Binh Dinh",1999,654.387741003416,1460221.73049103,0.44814272198467
80035,"Binh Dinh",2000,702,1462834.47604629,0.479890248346721
80035,"Binh Dinh",2001,738.7,1465447.22160155,0.504078201596844
80035,"Binh Dinh",2002,751.3,1468059.96715681,0.511763835815947
80035,"Binh Dinh",2003,748,1470672.71271206,0.50861078303453
80035,"Binh Dinh",2004,780,1473285.45826732,0.529428968176561
80035,"Binh Dinh",2005,970.5,1475898.20382258,0.657565675929684
80035,"Binh Dinh",2006,1052.6,1478539.90286693,0.711918560979637
80035,"Binh Dinh",2007,1227.9,1481181.60191129,0.829000305172263
80035,"Binh Dinh",2008,1306.5,1483823.30095564,0.880495675703812
80035,"Binh Dinh",2009,1332.5,1486465,0.896422048282334
80035,"Binh Dinh",2010,1364.3,1486510,0.917787300455429
80035,"Binh Dinh",2011,2104.9,1486557,1.4159564685377
80035,"Binh Dinh",2012,2260.5,1486602,1.5205818369678
80035,"Binh Dinh",2013,2459.1,1486647,1.65412502093638
80035,"Binh Dinh",2014,2623.9,1486691,1.76492626914403
80035,"Binh Dinh",2015,2794.5,1486736,1.87962086073116
80035,"Binh Dinh",2016,2998.5,1486783,2.01677043657346
80035,"Binh Dinh",2017,3199.4,1486826,2.15183215789877
80035,"Binh Dinh",2018,3920.38,1486871,2.63666451225426
80035,"Binh Dinh",2019,4297.4,1486918,2.89013920068222
80035,"Binh Dinh",2020,2914,1487038,1.95960022541455
80040,"Binh Phuoc",1998,325.470549222321,629245.922965988,0.51723902745082
80040,"Binh Phuoc",1999,349.638010359148,650252.489694781,0.537695765722117
80040,"Binh Phuoc",2000,375.6,671259.056423573,0.559545523305374
80040,"Binh Phuoc",2001,380.1,692265.623152365,0.549066698226529
80040,"Binh Phuoc",2002,389.3,713272.189881157,0.5457944463878
80040,"Binh Phuoc",2003,397.5,734278.75660995,0.541347541954224
80040,"Binh Phuoc",2004,462.3,755285.323338741,0.612086566115705
80040,"Binh Phuoc",2005,514.7,776291.890067533,0.663023801466255
80040,"Binh Phuoc",2006,572.3,800618.41755065,0.714822426582254
80040,"Binh Phuoc",2007,619.6,824944.945033767,0.75108042509993
80040,"Binh Phuoc",2008,656.5,849271.472516884,0.773015485913367
80040,"Binh Phuoc",2009,730.9,873598,0.836654845821533
80040,"Binh Phuoc",2010,811.3,885706,0.915992439929277
80040,"Binh Phuoc",2011,904.5,897814,1.00744697676802
80040,"Binh Phuoc",2012,978.1,909923,1.07492612012225
80040,"Binh Phuoc",2013,1053.6,922030,1.14269600772209
80040,"Binh Phuoc",2014,1099.9,934139,1.17744789586989
80040,"Binh Phuoc",2015,1176.9,946247,1.24375559446952
80040,"Binh Phuoc",2016,1305.2,958354,1.36191845601938
80040,"Binh Phuoc",2017,1438.3,970463,1.48207608121072
80040,"Binh Phuoc",2018,1698.01,982571,1.72812957028042
80040,"Binh Phuoc",2019,1699.8,994679,1.70889301975813
80040,"Binh Phuoc",2020,1590,1007384,1.57834549685125
80046,"Binh Thuan",1998,261.426763817469,1033159.26722016,0.253036266635703
80046,"Binh Thuan",1999,278.458575282323,1045082.90634318,0.266446397307052
80046,"Binh Thuan",2000,296.6,1057006.54546619,0.280603749590959
80046,"Binh Thuan",2001,301.1,1068930.18458921,0.281683504068802
80046,"Binh Thuan",2002,301.5,1080853.82371223,0.278946138122997
80046,"Binh Thuan",2003,323.5,1092777.46283524,0.296034655730061
80046,"Binh Thuan",2004,352.2,1104701.10195826,0.318819271000699
80046,"Binh Thuan",2005,389.2,1116624.74108127,0.348550399862288
80046,"Binh Thuan",2006,431.1,1129224.30581095,0.381766490308057
80046,"Binh Thuan",2007,438,1141823.87054064,0.383596814973411
80046,"Binh Thuan",2008,457.2,1154423.43527032,0.396041856074191
80046,"Binh Thuan",2009,475.3,1167023,0.407275606393362
80046,"Binh Thuan",2010,542.3,1173400,0.462161240838589
80046,"Binh Thuan",2011,562.4,1179779,0.476699449642687
80046,"Binh Thuan",2012,608.7,1186161,0.513168111242909
80046,"Binh Thuan",2013,642.9,1192538,0.539102317913559
80046,"Binh Thuan",2014,669.7,1198915,0.558588390336263
80046,"Binh Thuan",2015,746,1205293,0.618936640302399
80046,"Binh Thuan",2016,812.4,1211671,0.670479032674711
80046,"Binh Thuan",2017,895.3,1218052,0.735026090840128
80046,"Binh Thuan",2018,1054.22,1224430,0.860988378265805
80046,"Binh Thuan",2019,1145.6,1230808,0.930770680723557
80046,"Binh Thuan",2020,703.5,1237385,0.568537682289667
80062,"Ca Mau",1998,212.444640708467,1109449.45573854,0.191486542816001
80062,"Ca Mau",1999,243.15292206586,1118188.40762256,0.217452551294858
80062,"Ca Mau",2000,278.3,1126927.35950657,0.246954692911045
80062,"Ca Mau",2001,292.4,1135666.31139059,0.257469995426707
80062,"Ca Mau",2002,368.8,1144405.2632746,0.322263460187797
80062,"Ca Mau",2003,442.8,1153144.21515862,0.383993601302585
80062,"Ca Mau",2004,429.3,1161883.16704263,0.369486375375165
80062,"Ca Mau",2005,551.7,1170622.11892665,0.471287865725499
80062,"Ca Mau",2006,606.9,1179701.08919498,0.514452352005662
80062,"Ca Mau",2007,568.4,1188780.05946332,0.47813722603709
80062,"Ca Mau",2008,425.2,1197859.02973166,0.354966644192891
80062,"Ca Mau",2009,396.8,1206938,0.328765852098451
80062,"Ca Mau",2010,400,1205693,0.331759411392452
80062,"Ca Mau",2011,447,1204444,0.371125598201328
80062,"Ca Mau",2012,492.3,1203199,0.409159249633685
80062,"Ca Mau",2013,503.9,1201952,0.419234711535902
80062,"Ca Mau",2014,521.3,1200709,0.434160150377818
80062,"Ca Mau",2015,560.4,1199462,0.467209465577067
80062,"Ca Mau",2016,583.4,1198215,0.486890916905564
80062,"Ca Mau",2017,649.3,1196970,0.542453027227082
80062,"Ca Mau",2018,743.84,1195721,0.622084917802732
80062,"Ca Mau",2019,825.2,1194476,0.690846865068867
80062,"Ca Mau",2020,812.5,1193378,0.680840437816015
80055,"Can Tho",1998,1282.27336367097,942165.84744043,1.3609847641522
80055,"Can Tho",1999,1441.26952102431,963686.030445469,1.49557996639017
80055,"Can Tho",2000,1619.98049018718,985206.213450508,1.64430600220586
80055,"Can Tho",2001,1660.35534060533,1006726.39645555,1.64926175220105
80055,"Can Tho",2002,1910.27554661496,1028246.57946059,1.85779907735466
80055,"Can Tho",2003,2473.6,1049766.76246563,2.35633293836639
80055,"Can Tho",2004,2484.2,1071286.94547067,2.31889318777106
80055,"Can Tho",2005,2992.7,1092807.12847571,2.73854362953721
80055,"Can Tho",2006,3186.2,1116714.09635678,2.85319224535162
80055,"Can Tho",2007,3199.4,1140621.06423785,2.80496310327023
80055,"Can Tho",2008,3302.8,1164528.03211893,2.83617045610346
80055,"Can Tho",2009,3338.7,1188435,2.80932486841939
80055,"Can Tho",2010,3989.7,1193109,3.34395264808161
80055,"Can Tho",2011,4502.6,1197782,3.7591147637884
80055,"Can Tho",2012,4859.4,1202456,4.04122895141278
80055,"Can Tho",2013,5261.8,1207130,4.35893400048048
80055,"Can Tho",2014,5302.9,1211802,4.37604493143269
80055,"Can Tho",2015,4873.4,1216476,4.00616206156143
80055,"Can Tho",2016,4961.1,1221150,4.06264586660116
80055,"Can Tho",2017,5238.9,1225824,4.27377829117394
80055,"Can Tho",2018,5584.42,1230497,4.53834507520132
80055,"Can Tho",2019,5736.9,1235171,4.64462005665612
80055,"Can Tho",2020,5325.1,1240386,4.29309908367234
80001,"Cao Bang",1998,79.5174987266615,488513.288494261,0.162774484542186
80001,"Cao Bang",1999,79.8580202476761,490199.595155801,0.162909192575516
80001,"Cao Bang",2000,80.2,491885.901817341,0.163045941556141
80001,"Cao Bang",2001,100.9,493572.20847888,0.204428041665797
80001,"Cao Bang",2002,101.4,495258.51514042,0.204741557994717
80001,"Cao Bang",2003,103.8,496944.82180196,0.208876308688786
80001,"Cao Bang",2004,103.3,498631.1284635,0.207167170485951
80001,"Cao Bang",2005,63.9,500317.435125039,0.127718915060456
80001,"Cao Bang",2006,71.9,502033.82634378,0.143217441190436
80001,"Cao Bang",2007,73.5,503750.21756252,0.14590564418144
80001,"Cao Bang",2008,95.9,505466.60878126,0.189725687778321
80001,"Cao Bang",2009,74,507183,0.145903943941339
80001,"Cao Bang",2010,78.7,509499,0.154465465094141
80001,"Cao Bang",2011,73.4,511814,0.14341147369943
80001,"Cao Bang",2012,76.3,514130,0.148406045163675
80001,"Cao Bang",2013,79.9,516446,0.154711237960987
80001,"Cao Bang",2014,82.9,518761,0.159803840304109
80001,"Cao Bang",2015,94.3,521078,0.180970987069114
80001,"Cao Bang",2016,97.7,523395,0.18666590242551
80001,"Cao Bang",2017,98.1,525710,0.186604782104202
80001,"Cao Bang",2018,94.17,528024,0.178344166174265
80001,"Cao Bang",2019,98.8,530341,0.186295232689911
80001,"Cao Bang",2020,138.7,532944,0.260252484313549
80031,"Da Nang",1998,268.712543785843,664229.906741384,0.404547493358299
80031,"Da Nang",1999,295.928062237778,683550.201218099,0.432928059578403
80031,"Da Nang",2000,325.9,702870.495694812,0.463670053012876
80031,"Da Nang",2001,299,722190.790171527,0.414018018602792
80031,"Da Nang",2002,323.5,741511.08464824,0.436271293440559
80031,"Da Nang",2003,501.1,760831.379124954,0.658621625959124
80031,"Da Nang",2004,537.4,780151.673601668,0.688840411658704
80031,"Da Nang",2005,464.1,799471.968078382,0.580508158548091
80031,"Da Nang",2006,521.3,821462.726058786,0.634599700586651
80031,"Da Nang",2007,625.5,843453.484039191,0.741593948968662
80031,"Da Nang",2008,730.7,865444.242019596,0.844306270147275
80031,"Da Nang",2009,795.8,887435,0.896741733197361
80031,"Da Nang",2010,1015.4,912122,1.11322827428787
80031,"Da Nang",2011,1209.3,936810,1.29087008037916
80031,"Da Nang",2012,1324.7,961497,1.37774740846825
80031,"Da Nang",2013,1454.7,986185,1.47507820540771
80031,"Da Nang",2014,1466.7,1010873,1.45092410223638
80031,"Da Nang",2015,1309.8,1035560,1.2648228977558
80031,"Da Nang",2016,1443.4,1060248,1.36137960175355
80031,"Da Nang",2017,1521.3,1084935,1.40220381866195
80031,"Da Nang",2018,1131.94,1109623,1.0201122363181
80031,"Da Nang",2019,1334.3,1134310,1.17630982711957
80031,"Da Nang",2020,667,1161631,0.574192665312823
80038,"Dak Lak",1998,480.268259331754,1417996.86729276,0.338694866264889
80038,"Dak Lak",1999,518.695192670261,1445738.53264809,0.358775242519262
80038,"Dak Lak",2000,560.196718545566,1473480.19800342,0.38018611943658
80038,"Dak Lak",2001,549.331675770271,1501221.86335875,0.365923045206141
80038,"Dak Lak",2002,543.585834560365,1528963.52871408,0.355525703754059
80038,"Dak Lak",2003,669.9,1556705.19406941,0.430331961730532
80038,"Dak Lak",2004,751.7,1584446.85942475,0.474424241828416
80038,"Dak Lak",2005,840,1612188.52478008,0.521030876407328
80038,"Dak Lak",2006,871.9,1642547.39358506,0.530821821887875
80038,"Dak Lak",2007,918.4,1672906.26239004,0.548984734319725
80038,"Dak Lak",2008,913.9,1703265.13119502,0.536557687503885
80038,"Dak Lak",2009,1334.1,1733624,0.769544030308764
80038,"Dak Lak",2010,1572.6,1747194,0.900071772224493
80038,"Dak Lak",2011,1698.2,1760764,0.964467696976994
80038,"Dak Lak",2012,1786.9,1774334,1.00708209390115
80038,"Dak Lak",2013,1848.8,1787904,1.03405999427262
80038,"Dak Lak",2014,1969.9,1801472,1.09349465326133
80038,"Dak Lak",2015,1997.5,1815042,1.1005254974816
80038,"Dak Lak",2016,2101.4,1828611,1.1491782560643
80038,"Dak Lak",2017,2330.5,1842182,1.26507587198225
80038,"Dak Lak",2018,2612.49,1855753,1.40777894471948
80038,"Dak Lak",2019,2744.5,1869322,1.46817937198621
80038,"Dak Lak",2020,2675.3,1883375,1.42048184774673
80039,"Dak Nong",1998,24.9839043879126,316285.639139157,0.0789915863897959
80039,"Dak Nong",1999,30.3230879862033,330892.857649925,0.0916402010051369
80039,"Dak Nong",2000,36.8032814544345,345500.076160693,0.106521775229124
80039,"Dak Nong",2001,44.6683242297288,360107.294671461,0.124041708931449
80039,"Dak Nong",2002,54.2141654396354,374714.513182229,0.144681253414036
80039,"Dak Nong",2003,65.8,389321.731692997,0.169011885655248
80039,"Dak Nong",2004,79.9,403928.950203765,0.19780706473179
80039,"Dak Nong",2005,98.8,418536.168714533,0.23606084105813
80039,"Dak Nong",2006,117.6,436250.1265359,0.269570122383271
80039,"Dak Nong",2007,204.8,453964.084357266,0.451137010739431
80039,"Dak Nong",2008,225.6,471678.042178633,0.478292351617591
80039,"Dak Nong",2009,257,489392,0.525141399941151
80039,"Dak Nong",2010,267.9,502671,0.532952965259583
80039,"Dak Nong",2011,291.8,515948,0.565560870475319
80039,"Dak Nong",2012,305.3,529223,0.576883468783481
80039,"Dak Nong",2013,315.4,542501,0.581381416808448
80039,"Dak Nong",2014,329.5,555781,0.592859417648318
80039,"Dak Nong",2015,374.9,569059,0.658806907543858
80039,"Dak Nong",2016,391,582336,0.671433674030113
80039,"Dak Nong",2017,416,595612,0.698441267133637
80039,"Dak Nong",2018,518.82,608890,0.85207508745422
80039,"Dak Nong",2019,554.9,622168,0.891881292512633
80039,"Dak Nong",2020,578.7,636792,0.908773979572608
80008,"Dien Bien",1998,51.8562714827434,371615.085559113,0.139542966628287
80008,"Dien Bien",1999,57.6322748380543,381911.848908429,0.150904652481397
80008,"Dien Bien",2000,64.0516374979705,392208.612257745,0.163310125010407
80008,"Dien Bien",2001,70.597044281405,402505.375607061,0.175394040824747
80008,"Dien Bien",2002,70.0306608121123,412802.138956377,0.169647039594223
80008,"Dien Bien",2003,66.3,423098.902305693,0.156700950153016
80008,"Dien Bien",2004,78.3,433395.665655009,0.180666319958835
80008,"Dien Bien",2005,90.5,443692.429004324,0.203970124536693
80008,"Dien Bien",2006,116.8,455345.821753243,0.256508338102848
80008,"Dien Bien",2007,133.3,466999.214502162,0.285439452274245
80008,"Dien Bien",2008,138.9,478652.607251081,0.290189581955288
80008,"Dien Bien",2009,144.2,490306,0.294102050556183
80008,"Dien Bien",2010,157.9,501160,0.3150690398276
80008,"Dien Bien",2011,142.9,512015,0.279093385935959
80008,"Dien Bien",2012,156.5,522872,0.299308434951575
80008,"Dien Bien",2013,168.7,533726,0.316079786257368
80008,"Dien Bien",2014,183.6,544580,0.337140548679716
80008,"Dien Bien",2015,194.5,555436,0.350175357736985
80008,"Dien Bien",2016,209.9,566291,0.370657488817587
80008,"Dien Bien",2017,234.7,577147,0.40665549677985
80008,"Dien Bien",2018,278.24,588001,0.473196474155656
80008,"Dien Bien",2019,287.3,598856,0.4797480529543
80008,"Dien Bien",2020,252.5,610445,0.413632677800621
80047,"Dong Nai",1998,254.829197009477,1932641.27940044,0.131855404169227
80047,"Dong Nai",1999,326.059413285913,1980826.88517839,0.164607728078442
80047,"Dong Nai",2000,417.2,2029012.49095634,0.205617265472506
80047,"Dong Nai",2001,558,2077198.09673429,0.268631095357381
80047,"Dong Nai",2002,1038.9,2125383.70251224,0.488805855983559
80047,"Dong Nai",2003,1090.4,2173569.30829019,0.50166332209473
80047,"Dong Nai",2004,1317.4,2221754.91406814,0.592954691653086
80047,"Dong Nai",2005,1410.3,2269940.51984608,0.621293812621851
80047,"Dong Nai",2006,1621.2,2323993.88988456,0.69759219551155
80047,"Dong Nai",2007,1738.9,2378047.25992304,0.731230211150755
80047,"Dong Nai",2008,1901.1,2432100.62996152,0.781669959120926
80047,"Dong Nai",2009,3315.7,2486154,1.33366637786718
80047,"Dong Nai",2010,3635,2547249,1.427029709306
80047,"Dong Nai",2011,4085.2,2608344,1.56620445769423
80047,"Dong Nai",2012,4489.2,2669440,1.68170103092784
80047,"Dong Nai",2013,4858.4,2730534,1.77928566353688
80047,"Dong Nai",2014,5209.3,2791631,1.86604175121999
80047,"Dong Nai",2015,5521.9,2852727,1.93565665414181
80047,"Dong Nai",2016,5850.6,2913821,2.0078790014898
80047,"Dong Nai",2017,6201.6,2974917,2.08462958798514
80047,"Dong Nai",2018,6580.79,3036012,2.16757707150038
80047,"Dong Nai",2019,6929.6,3097107,2.23744287814402
80047,"Dong Nai",2020,6655.9,3165284,2.10278129861333
80050,"Dong Thap",1998,180.593726049161,1556866.98042876,0.115998173459512
80050,"Dong Thap",1999,194.092378144674,1566718.04256363,0.123884689441043
80050,"Dong Thap",2000,208.6,1576569.1046985,0.132312627069964
80050,"Dong Thap",2001,209.8,1586420.16683337,0.132247436326266
80050,"Dong Thap",2002,214,1596271.22896824,0.134062430066048
80050,"Dong Thap",2003,221,1606122.29110312,0.137598488747836
80050,"Dong Thap",2004,253.2,1615973.35323799,0.156685751960361
80050,"Dong Thap",2005,253.8,1625824.41537286,0.156105418026826
80050,"Dong Thap",2006,315.2,1635985.06152965,0.192666795933508
80050,"Dong Thap",2007,320.2,1646145.70768643,0.194514980359803
80050,"Dong Thap",2008,503.1,1656306.35384322,0.303748155546605
80050,"Dong Thap",2009,620,1666467,0.372044570939599
80050,"Dong Thap",2010,709.7,1659770,0.427589364791507
80050,"Dong Thap",2011,626.9,1653074,0.379232871607684
80050,"Dong Thap",2012,659.3,1646379,0.400454573339432
80050,"Dong Thap",2013,689.5,1639680,0.420508879781421
80050,"Dong Thap",2014,721.9,1632985,0.442073870856132
80050,"Dong Thap",2015,810,1626291,0.498065844304617
80050,"Dong Thap",2016,865.9,1619593,0.534640493012751
80050,"Dong Thap",2017,929.1,1612897,0.576044223530703
80050,"Dong Thap",2018,1001.29,1606200,0.623390611380899
80050,"Dong Thap",2019,1116.5,1599504,0.698028888955576
80050,"Dong Thap",2020,1032.1,1593095,0.64785841396778
80036,"Gia Lai",1998,270.528518923542,934528.735653518,0.289481220429633
80036,"Gia Lai",1999,287.671121141333,963849.567232434,0.298460601032734
80036,"Gia Lai",2000,305.9,993170.398811352,0.308003541352126
80036,"Gia Lai",2001,312.5,1022491.23039027,0.305626093126221
80036,"Gia Lai",2002,328,1051812.06196918,0.311842782431991
80036,"Gia Lai",2003,358.2,1081132.8935481,0.331319121023546
80036,"Gia Lai",2004,377.8,1110453.72512702,0.340221291037396
80036,"Gia Lai",2005,395,1139774.55670593,0.346559762784661
80036,"Gia Lai",2006,441.1,1173433.91752945,0.375905275457431
80036,"Gia Lai",2007,531,1207093.27835297,0.439899724008512
80036,"Gia Lai",2008,679.1,1240752.63917648,0.547329079590542
80036,"Gia Lai",2009,841.4,1274412,0.660226049346679
80036,"Gia Lai",2010,854.3,1298356,0.657985945303137
80036,"Gia Lai",2011,875.5,1322300,0.662103909854042
80036,"Gia Lai",2012,899.2,1346240,0.667934395055859
80036,"Gia Lai",2013,919.5,1370185,0.671077263289264
80036,"Gia Lai",2014,969.5,1394131,0.695415280199637
80036,"Gia Lai",2015,1091.7,1418074,0.769846989649341
80036,"Gia Lai",2016,1205.2,1442017,0.835773780752931
80036,"Gia Lai",2017,1331.7,1465959,0.908415583246189
80036,"Gia Lai",2018,1418.26,1489905,0.951913041435528
80036,"Gia Lai",2019,1594.4,1513847,1.05321079342893
80036,"Gia Lai",2020,1591.4,1539120,1.0339674619263
80000,"Ha Giang",1998,40.6495643326931,590506.28087342,0.0688384961334674
80000,"Ha Giang",1999,43.2890854111883,602278.42717452,0.0718755370572896
80000,"Ha Giang",2000,46.1,614050.57347562,0.0750752494848542
80000,"Ha Giang",2001,49.2,625822.719776721,0.0786165130239334
80000,"Ha Giang",2002,51.2,637594.866077821,0.08030177582037
80000,"Ha Giang",2003,54,649367.012378921,0.0831579044986808
80000,"Ha Giang",2004,58.9,661139.158680022,0.0890886573979298
80000,"Ha Giang",2005,62.8,672911.304981122,0.0933258210036489
80000,"Ha Giang",2006,67.2,685817.728735841,0.097985218498024
80000,"Ha Giang",2007,77.7,698724.152490561,0.11120268237908
80000,"Ha Giang",2008,85.8,711630.576245281,0.120568175207844
80000,"Ha Giang",2009,108.7,724537,0.150026844729807
80000,"Ha Giang",2010,118,737551,0.159988936358299
80000,"Ha Giang",2011,123.7,750568,0.164808518348771
80000,"Ha Giang",2012,129.6,763579,0.169727035447544
80000,"Ha Giang",2013,133.7,776593,0.172162252299467
80000,"Ha Giang",2014,141.1,789609,0.178696038165725
80000,"Ha Giang",2015,151.5,802623,0.188756115885042
80000,"Ha Giang",2016,160.1,815637,0.19628829981965
80000,"Ha Giang",2017,173.4,828648,0.209256523879862
80000,"Ha Giang",2018,197.9,841665,0.235129178473621
80000,"Ha Giang",2019,236.6,854679,0.276829078519538
80000,"Ha Giang",2020,209.1,868371,0.240795696770159
80021,"Ha Nam",1998,41.0767497886962,792388.772166258,0.0518391365849358
80021,"Ha Nam",1999,46.8786317387277,791622.006974248,0.0592184544210791
80021,"Ha Nam",2000,53.5,790855.24178224,0.0676482840012978
80021,"Ha Nam",2001,58,790088.47659023,0.0734094999718379
80021,"Ha Nam",2002,67.6,789321.711398224,0.0856431528790101
80021,"Ha Nam",2003,69.6,788554.946206214,0.0882627143927635
80021,"Ha Nam",2004,104.7,787788.181014206,0.132903745604825
80021,"Ha Nam",2005,108.5,787021.415822197,0.137861559823821
80021,"Ha Nam",2006,111.5,786277.311866648,0.141807474687646
80021,"Ha Nam",2007,141.1,785533.207911098,0.179623214625407
80021,"Ha Nam",2008,152.9,784789.10395555,0.194829412423468
80021,"Ha Nam",2009,194.9,784045,0.248582670637527
80021,"Ha Nam",2010,232.2,790922,0.293581415107937
80021,"Ha Nam",2011,246.6,797796,0.309101574838681
80021,"Ha Nam",2012,255.7,804670,0.317770017522711
80021,"Ha Nam",2013,263.9,811546,0.325181813476993
80021,"Ha Nam",2014,272.8,818423,0.333323965724326
80021,"Ha Nam",2015,297.1,825299,0.359990742748992
80021,"Ha Nam",2016,308.9,832174,0.371196408443426
80021,"Ha Nam",2017,324.3,839049,0.386509011988573
80021,"Ha Nam",2018,336.4,845924,0.397671658446858
80021,"Ha Nam",2019,352,852800,0.412757973733583
80021,"Ha Nam",2020,317.8,861114,0.369056826390002
80016,"Ha Noi",1998,575.954485999771,4936290.26690828,0.116677596911355
80016,"Ha Noi",1999,751.557425896368,5069965.46334532,0.148237188464094
80016,"Ha Noi",2000,980.7,5203640.65978235,0.188464204990092
80016,"Ha Noi",2001,1016.4,5337315.85621938,0.19043279944087
80016,"Ha Noi",2002,1465.2,5470991.05265642,0.267812538148564
80016,"Ha Noi",2003,2833.6,5604666.24909346,0.505578722097561
80016,"Ha Noi",2004,3380.2,5738341.44553049,0.589055223026645
80016,"Ha Noi",2005,3732.2,5872016.64196752,0.635590841709444
80016,"Ha Noi",2006,4181.6,6023142.48147564,0.694255534027402
80016,"Ha Noi",2007,4547.4,6174268.32098376,0.736508321892213
80016,"Ha Noi",2008,5395,6325394.16049188,0.852911275268334
80016,"Ha Noi",2009,5710.4,6476520,0.881708077794865
80016,"Ha Noi",2010,7079.5,6634234,1.06711641464561
80016,"Ha Noi",2011,7716.6,6791948,1.13613944040797
80016,"Ha Noi",2012,8581.1,6949665,1.23475016421655
80016,"Ha Noi",2013,9490.3,7107378,1.33527441484047
80016,"Ha Noi",2014,10252.3,7265091,1.41117296397251
80016,"Ha Noi",2015,11164.8,7422805,1.50412142040644
80016,"Ha Noi",2016,12180.8,7580519,1.60685567835131
80016,"Ha Noi",2017,13411.1,7738235,1.73309546686034
80016,"Ha Noi",2018,14576.02,7895948,1.84601266371055
80016,"Ha Noi",2019,16331,8053663,2.02777295250621
80016,"Ha Noi",2020,16254,8224829,1.97621129873946
80027,"Ha Tinh",1998,131.23568669662,1272362.31329242,0.103143330579345
80027,"Ha Tinh",1999,153.866558680144,1268216.26699957,0.121325173540135
80027,"Ha Tinh",2000,180.4,1264070.22070671,0.14271359062564
80027,"Ha Tinh",2001,185.8,1259924.17441385,0.147469192014225
80027,"Ha Tinh",2002,166.2,1255778.128121,0.132348220022499
80027,"Ha Tinh",2003,217.8,1251632.08182814,0.174012797500269
80027,"Ha Tinh",2004,288.7,1247486.03553529,0.231425436258388
80027,"Ha Tinh",2005,375.3,1243339.98924243,0.301848250074118
80027,"Ha Tinh",2006,440.7,1239264.49193182,0.35561415893795
80027,"Ha Tinh",2007,678.2,1235188.99462121,0.549065772892494
80027,"Ha Tinh",2008,751.4,1231113.49731061,0.610341777294659
80027,"Ha Tinh",2009,1180,1227038,0.961665408895242
80027,"Ha Tinh",2010,1515.8,1233223,1.2291369849573
80027,"Ha Tinh",2011,1772.9,1239403,1.4304467554137
80027,"Ha Tinh",2012,1898.5,1245587,1.52418096849116
80027,"Ha Tinh",2013,1973.1,1251768,1.57625055122035
80027,"Ha Tinh",2014,2112.9,1257953,1.67963349982074
80027,"Ha Tinh",2015,2501.7,1264136,1.97898010973503
80027,"Ha Tinh",2016,2704.3,1270316,2.12884038302281
80027,"Ha Tinh",2017,2872,1276501,2.24990031343493
80027,"Ha Tinh",2018,2976.86,1282682,2.32080905477741
80027,"Ha Tinh",2019,3132.4,1288866,2.43035350455362
80027,"Ha Tinh",2020,2676.5,1295340,2.06625287569287
80017,"Hai Duong",1998,55.5321568649658,1643673.841436,0.0337853870184183
80017,"Hai Duong",1999,70.9701812570068,1649218.79455133,0.0430326051894857
80017,"Hai Duong",2000,90.7,1654763.74766665,0.0548114497479741
80017,"Hai Duong",2001,101,1660308.70078198,0.0608320609007413
80017,"Hai Duong",2002,117.9,1665853.6538973,0.0707745243552279
80017,"Hai Duong",2003,141.1,1671398.60701263,0.0844203168579846
80017,"Hai Duong",2004,228.6,1676943.56012795,0.136319435808894
80017,"Hai Duong",2005,291,1682488.51324327,0.172958090179795
80017,"Hai Duong",2006,377.5,1688131.13493246,0.223620068481886
80017,"Hai Duong",2007,410.5,1693773.75662164,0.242358224287743
80017,"Hai Duong",2008,530.9,1699416.37831082,0.312401367184482
80017,"Hai Duong",2009,577.8,1705059,0.338873904070182
80017,"Hai Duong",2010,718.1,1723778,0.41658496627756
80017,"Hai Duong",2011,845.8,1742497,0.485395383751019
80017,"Hai Duong",2012,953.7,1761217,0.541500564666364
80017,"Hai Duong",2013,1061.6,1779938,0.596425268745316
80017,"Hai Duong",2014,1092.9,1798657,0.607620018713963
80017,"Hai Duong",2015,1184.7,1817375,0.651874269206961
80017,"Hai Duong",2016,1300.6,1836096,0.70835076161595
80017,"Hai Duong",2017,1437.2,1854816,0.77484774770112
80017,"Hai Duong",2018,1590.43,1873535,0.848892601419242
80017,"Hai Duong",2019,1744.6,1892254,0.921969249371385
80017,"Hai Duong",2020,1443,1911592,0.754868193631277
80019,"Hai Phong",1998,149.899500789566,1656228.4427907,0.0905065369708236
80019,"Hai Phong",1999,183.650177450642,1672394.53431484,0.109812710866028
80019,"Hai Phong",2000,225,1688560.62583899,0.13324958343631
80019,"Hai Phong",2001,267.5,1704726.71736313,0.156916646683269
80019,"Hai Phong",2002,305.9,1720892.80888727,0.177756568230298
80019,"Hai Phong",2003,332,1737058.90041142,0.19112765832026
80019,"Hai Phong",2004,366,1753224.99193556,0.208758146663159
80019,"Hai Phong",2005,570.1,1769391.0834597,0.322201239358163
80019,"Hai Phong",2006,725.8,1786336.56259478,0.406306412351391
80019,"Hai Phong",2007,864.8,1803282.04172985,0.47957001732819
80019,"Hai Phong",2008,1106.2,1820227.52086492,0.607726225056944
80019,"Hai Phong",2009,1021.9,1837173,0.556235041555695
80019,"Hai Phong",2010,1032.1,1856308,0.555996095475535
80019,"Hai Phong",2011,1197,1875440,0.638250223947447
80019,"Hai Phong",2012,1290.9,1894576,0.68136617375075
80019,"Hai Phong",2013,1420.3,1913709,0.742171354160951
80019,"Hai Phong",2014,1497,1932845,0.774505974353867
80019,"Hai Phong",2015,1672.1,1951978,0.856618261066467
80019,"Hai Phong",2016,1859.3,1971110,0.943275616277123
80019,"Hai Phong",2017,2069.4,1990247,1.03977044055336
80019,"Hai Phong",2018,2393.63,2009380,1.19122814002329
80019,"Hai Phong",2019,2685.9,2028514,1.32407269557913
80019,"Hai Phong",2020,1931.7,2048525,0.942971162177664
80059,"Hau Giang",1998,146.980711800269,850287.822263823,0.172859951597266
80059,"Hau Giang",1999,156.210325282999,841654.458535918,0.185599118140158
80059,"Hau Giang",2000,166.019509812821,833021.094808013,0.199298086023961
80059,"Hau Giang",2001,176.444659394671,824387.731080106,0.214031156387414
80059,"Hau Giang",2002,187.52445338504,815754.367352201,0.229878577290015
80059,"Hau Giang",2003,199.3,807121.003624295,0.246927039570354
80059,"Hau Giang",2004,215.1,798487.639896389,0.269384257504488
80059,"Hau Giang",2005,256.2,789854.276168482,0.324363629760676
80059,"Hau Giang",2006,235.2,781715.707126363,0.300876645890371
80059,"Hau Giang",2007,291.7,773577.13808424,0.377079396015236
80059,"Hau Giang",2008,254.2,765438.569042121,0.332097192748086
80059,"Hau Giang",2009,287.3,757300,0.37937409216955
80059,"Hau Giang",2010,305.4,754872,0.404571900931549
80059,"Hau Giang",2011,334.4,752444,0.444418455061107
80059,"Hau Giang",2012,362.9,750015,0.483856989526876
80059,"Hau Giang",2013,388.5,747587,0.519671957912591
80059,"Hau Giang",2014,429.6,745158,0.576522026201155
80059,"Hau Giang",2015,454.5,742730,0.611931657533693
80059,"Hau Giang",2016,484.5,740302,0.654462638220618
80059,"Hau Giang",2017,518.4,737873,0.702559925624057
80059,"Hau Giang",2018,518.59,735445,0.705137705742782
80059,"Hau Giang",2019,552.7,733017,0.754007069413124
80059,"Hau Giang",2020,443.5,730688,0.606962205483052
80048,"TP. Ho Chi Minh",1998,3341.55196751755,4795247.55463596,0.696846602692493
80048,"TP. Ho Chi Minh",1999,3496.4364534713,4996261.72238332,0.699810507885769
80048,"TP. Ho Chi Minh",2000,3658.5,5197275.89013068,0.703926456347503
80048,"TP. Ho Chi Minh",2001,3642.7,5398290.05787803,0.674787749628977
80048,"TP. Ho Chi Minh",2002,4020.3,5599304.22562539,0.717999922490543
80048,"TP. Ho Chi Minh",2003,4120.5,5800318.39337275,0.710392037221258
80048,"TP. Ho Chi Minh",2004,4122.4,6001332.56112011,0.686914107494583
80048,"TP. Ho Chi Minh",2005,4303.2,6202346.72886746,0.693801908876151
80048,"TP. Ho Chi Minh",2006,4774.5,6442476.0466506,0.741097051106962
80048,"TP. Ho Chi Minh",2007,6319,6682605.36443373,0.945589280736385
80048,"TP. Ho Chi Minh",2008,6531.3,6922734.68221687,0.943456639581698
80048,"TP. Ho Chi Minh",2009,6938.9,7162864,0.96873261868437
80048,"TP. Ho Chi Minh",2010,8638.9,7345885,1.17601895482981
80048,"TP. Ho Chi Minh",2011,10690.8,7528908,1.41996687965904
80048,"TP. Ho Chi Minh",2012,11919.6,7711932,1.54560491456616
80048,"TP. Ho Chi Minh",2013,13137.9,7894953,1.66408843725859
80048,"TP. Ho Chi Minh",2014,15119.4,8077974,1.87168218169556
80048,"TP. Ho Chi Minh",2015,16933.7,8260993,2.04983831846849
80048,"TP. Ho Chi Minh",2016,18339.2,8444014,2.17185807602877
80048,"TP. Ho Chi Minh",2017,20136.4,8627038,2.33410354747481
80048,"TP. Ho Chi Minh",2018,23414.61,8810061,2.65771258564498
80048,"TP. Ho Chi Minh",2019,27231.2,8993082,3.02801642418028
80048,"TP. Ho Chi Minh",2020,14723.5,9196543,1.60098202117905
80020,"Hoa Binh",1998,62.7492660360332,752699.152811324,0.0833656658196907
80020,"Hoa Binh",1999,74.4362827590264,755602.194751663,0.0985125285183835
80020,"Hoa Binh",2000,88.3,758505.236692004,0.116413171232798
80020,"Hoa Binh",2001,101.8,761408.278632343,0.133699623259751
80020,"Hoa Binh",2002,121.2,764311.320572683,0.158574126455679
80020,"Hoa Binh",2003,150.1,767214.362513023,0.195642844208944
80020,"Hoa Binh",2004,171.3,770117.404453363,0.222433617276304
80020,"Hoa Binh",2005,236.9,773020.446393703,0.306460199216187
80020,"Hoa Binh",2006,239.6,776069.584795276,0.308735201964145
80020,"Hoa Binh",2007,217.2,779118.723196851,0.278776511888706
80020,"Hoa Binh",2008,245,782167.861598425,0.31323199536647
80020,"Hoa Binh",2009,270.7,785217,0.344745465266289
80020,"Hoa Binh",2010,278,792106,0.350963128672173
80020,"Hoa Binh",2011,280.1,799001,0.35056276525311
80020,"Hoa Binh",2012,296.7,805891,0.368163932839553
80020,"Hoa Binh",2013,299.9,812782,0.36897962799373
80020,"Hoa Binh",2014,312.9,819673,0.381737595358149
80020,"Hoa Binh",2015,337.4,826566,0.408194868891292
80020,"Hoa Binh",2016,375.2,833459,0.450172114045202
80020,"Hoa Binh",2017,397.7,840347,0.473256880788531
80020,"Hoa Binh",2018,421.96,847240,0.498040696850951
80020,"Hoa Binh",2019,503.7,854131,0.58972218547272
80020,"Hoa Binh",2020,459.9,861844,0.533623254324448
80018,"Hung Yen",1998,26.1028489302722,1061969.41309355,0.0245796617194782
80018,"Hung Yen",1999,33.3463845780858,1067897.84804838,0.0312261932534346
80018,"Hung Yen",2000,42.6,1073826.28300322,0.0396712211968388
80018,"Hung Yen",2001,48.7,1079754.71795806,0.0451028360330738
80018,"Hung Yen",2002,51.9,1085683.15291289,0.0478040023562603
80018,"Hung Yen",2003,73.2,1091611.58786773,0.0670568183899399
80018,"Hung Yen",2004,95.3,1097540.02282256,0.0868305465115663
80018,"Hung Yen",2005,128.3,1103468.4577774,0.11626974844249
80018,"Hung Yen",2006,179.3,1109577.09333305,0.161593098016653
80018,"Hung Yen",2007,280.2,1115685.7288887,0.251145992769038
80018,"Hung Yen",2008,294.1,1121794.36444435,0.262169261427583
80018,"Hung Yen",2009,307.3,1127903,0.272452506997499
80018,"Hung Yen",2010,362.5,1140386,0.31787482484001
80018,"Hung Yen",2011,437.9,1152869,0.379835002936153
80018,"Hung Yen",2012,469.5,1165351,0.402882908239663
80018,"Hung Yen",2013,462,1177834,0.392245426774911
80018,"Hung Yen",2014,478,1190317,0.401573698434955
80018,"Hung Yen",2015,516.9,1202800,0.429747256401729
80018,"Hung Yen",2016,566.5,1215282,0.466146951900876
80018,"Hung Yen",2017,628.8,1227765,0.51215012644928
80018,"Hung Yen",2018,685.53,1240249,0.55273578128263
80018,"Hung Yen",2019,793.7,1252731,0.63357576367153
80018,"Hung Yen",2020,734.3,1266004,0.580013965200742
80043,"Khanh Hoa",1998,219.33594970831,1017875.07120052,0.215484155093431
80043,"Khanh Hoa",1999,259.914356106313,1030290.79762347,0.252272811429401
80043,"Khanh Hoa",2000,308,1042706.52404642,0.295385127931057
80043,"Khanh Hoa",2001,314.2,1055122.25046937,0.297785398668474
80043,"Khanh Hoa",2002,189.1,1067537.97689233,0.177136555413685
80043,"Khanh Hoa",2003,213.9,1079953.70331528,0.198064046026568
80043,"Khanh Hoa",2004,393,1092369.42973823,0.359768398218703
80043,"Khanh Hoa",2005,541.3,1104785.15616118,0.489959515640911
80043,"Khanh Hoa",2006,618.3,1117941.11712089,0.553070274034068
80043,"Khanh Hoa",2007,664.9,1131097.07808059,0.587836369561045
80043,"Khanh Hoa",2008,696.2,1144253.03904029,0.608431855757985
80043,"Khanh Hoa",2009,782.1,1157409,0.675733470190745
80043,"Khanh Hoa",2010,913,1164769,0.783846410747539
80043,"Khanh Hoa",2011,965.2,1172130,0.823458148840146
80043,"Khanh Hoa",2012,1066.7,1179492,0.904372390825881
80043,"Khanh Hoa",2013,1170.3,1186853,0.986053032683913
80043,"Khanh Hoa",2014,1288.5,1194211,1.07895505903061
80043,"Khanh Hoa",2015,1463.7,1201570,1.2181562455787
80043,"Khanh Hoa",2016,1614.5,1208931,1.3354773762936
80043,"Khanh Hoa",2017,1793.7,1216293,1.47472689557533
80043,"Khanh Hoa",2018,2099.88,1223654,1.71607333445565
80043,"Khanh Hoa",2019,2292.2,1231014,1.86204218636019
80043,"Khanh Hoa",2020,714.2,1238569,0.576633195243866
80057,"Kien Giang",1998,432.180239083611,1479749.66757688,0.292063075635837
80057,"Kien Giang",1999,483.225602774599,1498285.22071571,0.32251910123212
80057,"Kien Giang",2000,540.3,1516820.77385454,0.356205564502515
80057,"Kien Giang",2001,559.8,1535356.32699337,0.364605916006634
80057,"Kien Giang",2002,584,1553891.8801322,0.375830524289961
80057,"Kien Giang",2003,673.3,1572427.43327103,0.428191461019839
80057,"Kien Giang",2004,813.1,1590962.98640986,0.51107411482578
80057,"Kien Giang",2005,854.6,1609498.53954869,0.530972833463789
80057,"Kien Giang",2006,1040.7,1629185.90466152,0.638785295786251
80057,"Kien Giang",2007,1129.9,1648873.26977435,0.685255817237325
80057,"Kien Giang",2008,1094.2,1668560.63488717,0.655774790032721
80057,"Kien Giang",2009,1148.9,1688248,0.680527979301619
80057,"Kien Giang",2010,1266.1,1691729,0.748405920806465
80057,"Kien Giang",2011,1777.6,1695212,1.04860041104004
80057,"Kien Giang",2012,2092.4,1698692,1.23177126871734
80057,"Kien Giang",2013,2140.9,1702176,1.25774303009795
80057,"Kien Giang",2014,2326.4,1705656,1.36393270389809
80057,"Kien Giang",2015,2531.1,1709139,1.48092109535854
80057,"Kien Giang",2016,2776.6,1712623,1.62125581637056
80057,"Kien Giang",2017,3040.4,1716103,1.77168852918502
80057,"Kien Giang",2018,3183.3,1719586,1.85120139382386
80057,"Kien Giang",2019,3327.9,1723067,1.9313816584033
80057,"Kien Giang",2020,3114.3,1727478,1.80280154074321
80034,"Kon Tum",1998,130.526619965946,302666.417817601,0.431255706883895
80034,"Kon Tum",1999,136.094553062081,313583.945966114,0.43399719536914
80034,"Kon Tum",2000,141.9,324501.474114628,0.437286149122007
80034,"Kon Tum",2001,139.1,335419.002263141,0.414705186830394
80034,"Kon Tum",2002,137.8,346336.530411654,0.397878906496555
80034,"Kon Tum",2003,147.4,357254.058560167,0.412591533862661
80034,"Kon Tum",2004,165,368171.58670868,0.448160602166614
80034,"Kon Tum",2005,167,379089.114857194,0.440529662960411
80034,"Kon Tum",2006,181,391850.086142896,0.461911344161335
80034,"Kon Tum",2007,204.2,404611.057428597,0.504682203441846
80034,"Kon Tum",2008,156.8,417372.028714298,0.375684016207357
80034,"Kon Tum",2009,162,430133,0.37662769422481
80034,"Kon Tum",2010,193.9,441165,0.439518094137114
80034,"Kon Tum",2011,201.5,452194,0.445605204845708
80034,"Kon Tum",2012,209.5,463224,0.452264994905273
80034,"Kon Tum",2013,222.6,474255,0.469367745200367
80034,"Kon Tum",2014,239.9,485286,0.494347663027575
80034,"Kon Tum",2015,267,496316,0.537963716664383
80034,"Kon Tum",2016,290.2,507346,0.571996231368731
80034,"Kon Tum",2017,323.3,518377,0.623677362228648
80034,"Kon Tum",2018,353.37,529407,0.667482674010733
80034,"Kon Tum",2019,386.5,540438,0.715160665978336
80034,"Kon Tum",2020,363.5,552265,0.658198509773388
80003,"Lai Chau",1998,2.21464942505917,188054.873912311,0.0117766127459788
80003,"Lai Chau",1999,2.76349670390888,202793.248630785,0.013627163244178
80003,"Lai Chau",2000,3.4483625020295,217531.623349259,0.0158522354080582
80003,"Lai Chau",2001,4.30295571859501,232269.998067733,0.0185256630403906
80003,"Lai Chau",2002,5.3693391878877,247008.372786207,0.0217374784802741
80003,"Lai Chau",2003,6.7,261746.747504681,0.0255972617190981
80003,"Lai Chau",2004,7,276485.122223155,0.0253178179849771
80003,"Lai Chau",2005,11,291223.496941629,0.0377716774763019
80003,"Lai Chau",2006,12.4,311043.122706222,0.039865854908201
80003,"Lai Chau",2007,16.2,330862.748470814,0.0489629010061524
80003,"Lai Chau",2008,16.8,350682.374235407,0.0479065993454306
80003,"Lai Chau",2009,17.7,370502,0.0477730214681702
80003,"Lai Chau",2010,22.3,379470,0.0587661738740876
80003,"Lai Chau",2011,22.4,388440,0.0576665636906601
80003,"Lai Chau",2012,22.9,397412,0.0576228196430908
80003,"Lai Chau",2013,24.3,406380,0.0597962498154437
80003,"Lai Chau",2014,24.6,415349,0.0592273004148319
80003,"Lai Chau",2015,25.5,424318,0.0600964371061327
80003,"Lai Chau",2016,25.9,433287,0.0597756221626774
80003,"Lai Chau",2017,26.8,442258,0.0605981124140208
80003,"Lai Chau",2018,34.33,451227,0.076081440162047
80003,"Lai Chau",2019,40.3,460196,0.0875713826282714
80003,"Lai Chau",2020,39,469788,0.0830161689953766
80041,"Lam Dong",1998,283.081759293589,977926.80353932,0.289471316533157
80041,"Lam Dong",1999,332.054732303054,996374.496238983,0.333262978484959
80041,"Lam Dong",2000,389.5,1014822.18893865,0.383811079660526
80041,"Lam Dong",2001,582.1,1033269.88163831,0.563357173516997
80041,"Lam Dong",2002,615,1051717.57433797,0.58475774771295
80041,"Lam Dong",2003,677.2,1070165.26703763,0.632799457110567
80041,"Lam Dong",2004,738.4,1088612.9597373,0.678294331695436
80041,"Lam Dong",2005,830.2,1107060.65243696,0.749913745170593
80041,"Lam Dong",2006,972.3,1127188.98932772,0.86258826976291
80041,"Lam Dong",2007,1120.2,1147317.32621848,0.97636458057523
80041,"Lam Dong",2008,1177.3,1167445.66310924,1.0084409383684
80041,"Lam Dong",2009,1795.1,1187574,1.51156896328145
80041,"Lam Dong",2010,2004.7,1198507,1.67266440663259
80041,"Lam Dong",2011,2233.9,1209440,1.84705318163778
80041,"Lam Dong",2012,2412.6,1220373,1.97693655956007
80041,"Lam Dong",2013,2492.5,1231306,2.02427341375743
80041,"Lam Dong",2014,2457,1242240,1.97787867078825
80041,"Lam Dong",2015,2724.8,1253174,2.17431896927322
80041,"Lam Dong",2016,2931.6,1264108,2.31910564603657
80041,"Lam Dong",2017,3239.4,1275040,2.54062617643368
80041,"Lam Dong",2018,3587.62,1285972,2.78981190881294
80041,"Lam Dong",2019,3668.6,1296906,2.82873238307171
80041,"Lam Dong",2020,2955.1,1308331,2.25867918745333
80006,"Lang Son",1998,143.567565440293,701022.436739897,0.204797390092039
80006,"Lang Son",1999,154.097616217203,703864.358445122,0.218930841387698
80006,"Lang Son",2000,165.4,706706.280150347,0.23404348404094
80006,"Lang Son",2001,176.5,709548.201855573,0.248749837626854
80006,"Lang Son",2002,227.1,712390.123560797,0.31878600290648
80006,"Lang Son",2003,321.1,715232.045266022,0.448945208936452
80006,"Lang Son",2004,244.1,718073.966971248,0.339937125181665
80006,"Lang Son",2005,199.4,720915.888676473,0.27659259995792
80006,"Lang Son",2006,218.4,723815.666507354,0.301734281400472
80006,"Lang Son",2007,242.8,726715.444338236,0.334106013421937
80006,"Lang Son",2008,272.6,729615.222169118,0.373621590829164
80006,"Lang Son",2009,287.6,732515,0.392619946349222
80006,"Lang Son",2010,322.3,737430,0.437058432664795
80006,"Lang Son",2011,355.4,742342,0.478755075154039
80006,"Lang Son",2012,383.7,747257,0.513477960059257
80006,"Lang Son",2013,410,752170,0.545089540928248
80006,"Lang Son",2014,422.1,757085,0.557533169987518
80006,"Lang Son",2015,437.7,762000,0.574409448818898
80006,"Lang Son",2016,453,766913,0.590679777236792
80006,"Lang Son",2017,499.2,771828,0.646776224754738
80006,"Lang Son",2018,569.23,776740,0.732844967427968
80006,"Lang Son",2019,679.4,781655,0.869181416353762
80006,"Lang Son",2020,412.3,786723,0.524072640560909
80002,"Lao Cai",1998,33.1820904467179,591238.241465813,0.0561230450257277
80002,"Lao Cai",1999,38.210103109722,593341.510148365,0.0643981627042537
80002,"Lao Cai",2000,44,595444.778830917,0.0738943417832778
80002,"Lao Cai",2001,44.6,597548.047513469,0.0746383494776539
80002,"Lao Cai",2002,53.7,599651.31619602,0.0895520422445733
80002,"Lao Cai",2003,60.9,601754.584878572,0.101204048179025
80002,"Lao Cai",2004,72.6,603857.853561124,0.120226969926543
80002,"Lao Cai",2005,84.1,605961.122243675,0.138787781778153
80002,"Lao Cai",2006,101.5,608119.591682757,0.16690795920443
80002,"Lao Cai",2007,117.3,610278.061121837,0.192207466518417
80002,"Lao Cai",2008,132.4,612436.530560919,0.216185667237611
80002,"Lao Cai",2009,140.9,614595,0.229256664958225
80002,"Lao Cai",2010,147.7,626178,0.235875422004606
80002,"Lao Cai",2011,139.9,637760,0.219361515303562
80002,"Lao Cai",2012,143.7,649342,0.221300947728624
80002,"Lao Cai",2013,153.9,660924,0.232855820033771
80002,"Lao Cai",2014,166.7,672507,0.247878460744647
80002,"Lao Cai",2015,192.5,684091,0.281395311442484
80002,"Lao Cai",2016,221.2,695673,0.317965480908415
80002,"Lao Cai",2017,246,707255,0.34782362797011
80002,"Lao Cai",2018,333.34,718837,0.463721260869989
80002,"Lao Cai",2019,388.7,730420,0.53215957942006
80002,"Lao Cai",2020,373,742640,0.502262199719918
80049,"Long An",1998,330.393943321794,1284502.86902005,0.257215418735384
80049,"Long An",1999,358.593534159279,1297988.64462873,0.276268621950732
80049,"Long An",2000,389.2,1311474.42023742,0.296765223929829
80049,"Long An",2001,386.5,1324960.1958461,0.29170687633615
80049,"Long An",2002,409.9,1338445.97145479,0.306250688292237
80049,"Long An",2003,429.2,1351931.74706347,0.317471648204331
80049,"Long An",2004,468.7,1365417.52267215,0.343264966369219
80049,"Long An",2005,523.6,1378903.29828084,0.379722059300898
80049,"Long An",2006,629.5,1393193.97371063,0.451839450843583
80049,"Long An",2007,814.3,1407484.64914042,0.578549826811476
80049,"Long An",2008,1148.2,1421775.32457021,0.807581887347138
80049,"Long An",2009,946,1436066,0.658744096719789
80049,"Long An",2010,1004.5,1461316,0.687394102302308
80049,"Long An",2011,1098,1486563,0.7386165268475
80049,"Long An",2012,1198.8,1511810,0.792956786897824
80049,"Long An",2013,1280.5,1537059,0.83308448146753
80049,"Long An",2014,1322.9,1562307,0.846760591868308
80049,"Long An",2015,1394.3,1587554,0.878269337609933
80049,"Long An",2016,1487.7,1612801,0.922432463769554
80049,"Long An",2017,1638,1638050,0.999969475901224
80049,"Long An",2018,1684.62,1663299,1.01281850106325
80049,"Long An",2019,1741.8,1688547,1.03153776590169
80049,"Long An",2020,973.8,1715594,0.567616813768292
80023,"Nam Dinh",1998,417.930987428521,1895599.76200791,0.220474277220751
80023,"Nam Dinh",1999,445.224288799867,1889427.15068432,0.235639827996869
80023,"Nam Dinh",2000,474.3,1883254.53936073,0.251851244792964
80023,"Nam Dinh",2001,495.1,1877081.92803714,0.263760463837466
80023,"Nam Dinh",2002,532.8,1870909.31671355,0.28478130673694
80023,"Nam Dinh",2003,575.6,1864736.70538995,0.308676285684863
80023,"Nam Dinh",2004,614.6,1858564.09406636,0.330685394150338
80023,"Nam Dinh",2005,641.3,1852391.48274277,0.346201116758781
80023,"Nam Dinh",2006,692.8,1846321.36205708,0.375232618891501
80023,"Nam Dinh",2007,742.9,1840251.24137139,0.403694877796348
80023,"Nam Dinh",2008,746.9,1834181.12068569,0.40721169331455
80023,"Nam Dinh",2009,854.8,1828111,0.467586486816172
80023,"Nam Dinh",2010,956.6,1823341,0.524641304067643
80023,"Nam Dinh",2011,1151.4,1818567,0.633135870165905
80023,"Nam Dinh",2012,1215.1,1813794,0.669921722091924
80023,"Nam Dinh",2013,1308.6,1809022,0.7233742873221
80023,"Nam Dinh",2014,1344.4,1804255,0.745127490293778
80023,"Nam Dinh",2015,1411.6,1799482,0.784447968915499
80023,"Nam Dinh",2016,1487.4,1794709,0.828769455103864
80023,"Nam Dinh",2017,1637.6,1789937,0.914892535323869
80023,"Nam Dinh",2018,1761.73,1785164,0.986872914757412
80023,"Nam Dinh",2019,1935.8,1780393,1.08728803135038
80023,"Nam Dinh",2020,1826.5,1775782,1.02856093822327
80026,"Nghe An",1998,510.307193949757,2853681.8654251,0.178824135981163
80026,"Nghe An",1999,569.339204338579,2858969.05036388,0.199141436758861
80026,"Nghe An",2000,635.2,2864256.23530265,0.221767868450806
80026,"Nghe An",2001,650,2869543.42024142,0.226516872131983
80026,"Nghe An",2002,754.2,2874830.60518019,0.262345892186133
80026,"Nghe An",2003,806.9,2880117.79011897,0.280162152662051
80026,"Nghe An",2004,976.8,2885404.97505774,0.338531335616226
80026,"Nghe An",2005,1074.5,2890692.15999652,0.371710282703121
80026,"Nghe An",2006,1214.2,2896029.36999739,0.41926370380736
80026,"Nghe An",2007,1523.4,2901366.57999826,0.525062917075758
80026,"Nghe An",2008,2211.6,2906703.78999913,0.760861842066358
80026,"Nghe An",2009,2487.2,2912041,0.854108853549795
80026,"Nghe An",2010,2834.6,2953616,0.959704985346775
80026,"Nghe An",2011,3338.7,2995192,1.11468647085062
80026,"Nghe An",2012,3699.4,3036765,1.21820424036763
80026,"Nghe An",2013,4000,3078342,1.29940078132969
80026,"Nghe An",2014,4348.3,3119916,1.39372342075876
80026,"Nghe An",2015,4970.1,3161490,1.57207519239346
80026,"Nghe An",2016,5437.3,3203067,1.69752927428618
80026,"Nghe An",2017,6051.7,3244640,1.86513758074856
80026,"Nghe An",2018,5888.45,3286216,1.7918633467794
80026,"Nghe An",2019,6862.7,3327791,2.06223888459341
80026,"Nghe An",2020,6808.8,3371050,2.01978612005162
80042,"Ninh Thuan",1998,67.4651531903661,498682.373947388,0.13528682126127
80042,"Ninh Thuan",1999,75.3247594308126,504586.357797711,0.149280213915356
80042,"Ninh Thuan",2000,84.1,510490.341648034,0.164743567387577
80042,"Ninh Thuan",2001,95,516394.325498357,0.183967939439145
80042,"Ninh Thuan",2002,109.1,522298.30934868,0.208884459411807
80042,"Ninh Thuan",2003,116.6,528202.293199002,0.220748757628113
80042,"Ninh Thuan",2004,124.6,534106.277049325,0.233286904412272
80042,"Ninh Thuan",2005,149.7,540010.260899648,0.277216954638236
80042,"Ninh Thuan",2006,162,546255.945674736,0.296564277757924
80042,"Ninh Thuan",2007,162.7,552501.630449824,0.294478768990304
80042,"Ninh Thuan",2008,244.3,558747.315224912,0.437228051649183
80042,"Ninh Thuan",2009,283,564993,0.500891161483417
80042,"Ninh Thuan",2010,340.4,567540,0.599781513197308
80042,"Ninh Thuan",2011,301.7,570088,0.52921654200755
80042,"Ninh Thuan",2012,311.6,572635,0.544151160861631
80042,"Ninh Thuan",2013,331.5,575182,0.576339315208056
80042,"Ninh Thuan",2014,345.2,577731,0.597509913783404
80042,"Ninh Thuan",2015,377.3,580278,0.650205591113225
80042,"Ninh Thuan",2016,411.6,582825,0.70621541629134
80042,"Ninh Thuan",2017,443.7,585372,0.757979541214817
80042,"Ninh Thuan",2018,460.21,587920,0.782776568240577
80042,"Ninh Thuan",2019,506.8,590467,0.858303681662142
80042,"Ninh Thuan",2020,352.1,593091,0.593669436899228
80024,"Ninh Binh",1998,57.0371017535026,883282.553419832,0.0645740160186232
80024,"Ninh Binh",1999,71.127989747607,884706.659266149,0.0803972582354095
80024,"Ninh Binh",2000,88.7,886130.765112465,0.100098093297486
80024,"Ninh Binh",2001,93.5,887554.870958784,0.105345599533465
80024,"Ninh Binh",2002,108.5,888978.976805102,0.122050130352843
80024,"Ninh Binh",2003,135.8,890403.082651419,0.152515195247997
80024,"Ninh Binh",2004,202.3,891827.188497736,0.226837668338829
80024,"Ninh Binh",2005,257.3,893251.294344053,0.288048840935567
80024,"Ninh Binh",2006,322.8,894688.22075804,0.360796076790306
80024,"Ninh Binh",2007,355.1,896125.147172028,0.396261617164318
80024,"Ninh Binh",2008,400,897562.073586014,0.445651628752412
80024,"Ninh Binh",2009,476,898999,0.529477785848482
80024,"Ninh Binh",2010,552,907348,0.608366359985364
80024,"Ninh Binh",2011,569.2,915696,0.621603676329262
80024,"Ninh Binh",2012,624.2,924046,0.67550749638005
80024,"Ninh Binh",2013,657.7,932396,0.705386981497132
80024,"Ninh Binh",2014,679.2,940743,0.72198251807348
80024,"Ninh Binh",2015,790.6,949090,0.833008460736073
80024,"Ninh Binh",2016,881,957440,0.920162098930481
80024,"Ninh Binh",2017,897.7,965790,0.929498131063689
80024,"Ninh Binh",2018,912.02,974138,0.93623285407201
80024,"Ninh Binh",2019,976.3,982487,0.993702715659342
80024,"Ninh Binh",2020,859.3,991088,0.867026944126051
80012,"Phu Tho",1998,118.387940485767,2639280.41284654,0.0448561433296443
80012,"Phu Tho",1999,138.016736753772,2505174.36824733,0.0550926668032017
80012,"Phu Tho",2000,160.9,2371068.32364813,0.0678597062746969
80012,"Phu Tho",2001,166.4,2236962.27904892,0.074386591834149
80012,"Phu Tho",2002,185.5,2102856.23444972,0.0882133533244332
80012,"Phu Tho",2003,238,1968750.18985051,0.120888877231332
80012,"Phu Tho",2004,287.9,1834644.14525131,0.156924164691657
80012,"Phu Tho",2005,322.2,1700538.1006521,0.18946943904194
80012,"Phu Tho",2006,397.6,1604500.82548908,0.247802926420312
80012,"Phu Tho",2007,464.1,1508463.55032605,0.307664046572213
80012,"Phu Tho",2008,495,1412426.27516302,0.350460770026999
80012,"Phu Tho",2009,527.8,1316389,0.400945313277458
80012,"Phu Tho",2010,616.1,1331123,0.462842276784339
80012,"Phu Tho",2011,557.1,1345855,0.413937608434787
80012,"Phu Tho",2012,605,1360590,0.444660037189749
80012,"Phu Tho",2013,618.6,1375324,0.449784923407139
80012,"Phu Tho",2014,643.9,1390057,0.46321841478443
80012,"Phu Tho",2015,708.3,1404791,0.504203116335455
80012,"Phu Tho",2016,790.5,1419525,0.556876419929202
80012,"Phu Tho",2017,853.7,1434260,0.595219834618549
80012,"Phu Tho",2018,817.63,1448992,0.564275027053289
80012,"Phu Tho",2019,892,1463726,0.609403672545271
80012,"Phu Tho",2020,807.3,1479004,0.54584030874832
80037,"Phu Yen",1998,378.356964254814,779646.122445273,0.485293203367881
80037,"Phu Yen",1999,383.542941145149,787028.234578801,0.487330599200692
80037,"Phu Yen",2000,388.8,794410.346712328,0.489419607396922
80037,"Phu Yen",2001,398.9,801792.458845854,0.497510291596156
80037,"Phu Yen",2002,400.4,809174.570979382,0.494825238409775
80037,"Phu Yen",2003,440.1,816556.68311291,0.538970544362252
80037,"Phu Yen",2004,469.5,823938.795246438,0.569823878555899
80037,"Phu Yen",2005,469.8,831320.907379965,0.565124725998587
80037,"Phu Yen",2006,416.2,839048.430534974,0.496038112763804
80037,"Phu Yen",2007,436.9,846775.953689983,0.515957022747431
80037,"Phu Yen",2008,473.7,854503.476844991,0.554357018825718
80037,"Phu Yen",2009,510.9,862231,0.592532627567323
80037,"Phu Yen",2010,563.8,863305,0.653071625902781
80037,"Phu Yen",2011,579.7,864377,0.670656438105132
80037,"Phu Yen",2012,637.7,865451,0.736841253866481
80037,"Phu Yen",2013,681.1,866523,0.786014912472029
80037,"Phu Yen",2014,722.2,867598,0.832413168310669
80037,"Phu Yen",2015,766.3,868672,0.882151145656819
80037,"Phu Yen",2016,840.6,869744,0.966491289390901
80037,"Phu Yen",2017,923.8,870818,1.06084164544141
80037,"Phu Yen",2018,1037.14,871890,1.18953078943445
80037,"Phu Yen",2019,1072.4,872964,1.22845844731283
80037,"Phu Yen",2020,848.7,874094,0.970948204655334
80032,"Quang Nam",1998,247.68351059813,1367903.070291,0.181068027389864
80032,"Quang Nam",1999,272.453203552939,1372814.58099755,0.198463220979896
80032,"Quang Nam",2000,299.7,1377726.09170409,0.217532354075769
80032,"Quang Nam",2001,327.5,1382637.60241063,0.236866116926809
80032,"Quang Nam",2002,344.3,1387549.11311718,0.248135360936175
80032,"Quang Nam",2003,359.8,1392460.62382372,0.258391507698065
80032,"Quang Nam",2004,386,1397372.13453026,0.27623278757434
80032,"Quang Nam",2005,413.7,1402283.64523681,0.295018772703534
80032,"Quang Nam",2006,523.9,1407292.48392761,0.372275135398897
80032,"Quang Nam",2007,483.1,1412301.3226184,0.342065812913305
80032,"Quang Nam",2008,494.9,1417310.1613092,0.349182566745199
80032,"Quang Nam",2009,553.6,1422319,0.389223514556158
80032,"Quang Nam",2010,619.6,1429668,0.433387331884046
80032,"Quang Nam",2011,636,1437018,0.442583182674121
80032,"Quang Nam",2012,673.6,1444367,0.466363465795051
80032,"Quang Nam",2013,695.3,1451714,0.478951088161993
80032,"Quang Nam",2014,729.9,1459064,0.500252216489475
80032,"Quang Nam",2015,788.3,1466417,0.537568781594867
80032,"Quang Nam",2016,864.8,1473765,0.586796402411511
80032,"Quang Nam",2017,935.7,1481113,0.631754633171136
80032,"Quang Nam",2018,697.36,1488462,0.468510449040688
80032,"Quang Nam",2019,827.7,1495812,0.553344939069883
80032,"Quang Nam",2020,366.9,1503515,0.244028160676814
80033,"Quang Ngai",1998,278.911644842548,1187387.00951029,0.234895314340333
80033,"Quang Ngai",1999,281.840445023701,1190047.38860096,0.236831278924982
80033,"Quang Ngai",2000,284.8,1192707.76769163,0.238784392719436
80033,"Quang Ngai",2001,258.9,1195368.1467823,0.216585995449945
80033,"Quang Ngai",2002,234.9,1198028.52587297,0.196072125936096
80033,"Quang Ngai",2003,235,1200688.90496364,0.195720972375535
80033,"Quang Ngai",2004,255.6,1203349.28405431,0.212407156747404
80033,"Quang Ngai",2005,288.6,1206009.66314498,0.239301565169388
80033,"Quang Ngai",2006,297.1,1208700.49735874,0.245801172953288
80033,"Quang Ngai",2007,345.3,1211391.33157249,0.285044139742828
80033,"Quang Ngai",2008,438,1214082.16578625,0.360766356959333
80033,"Quang Ngai",2009,504,1216773,0.414210374490558
80033,"Quang Ngai",2010,533.8,1218265,0.438164110435743
80033,"Quang Ngai",2011,648.2,1219757,0.531417323286523
80033,"Quang Ngai",2012,694.1,1221251,0.568351632874814
80033,"Quang Ngai",2013,734.3,1222742,0.600535517713467
80033,"Quang Ngai",2014,759.6,1224235,0.620469109280489
80033,"Quang Ngai",2015,856.1,1225728,0.69844206871345
80033,"Quang Ngai",2016,910,1227219,0.741513943314111
80033,"Quang Ngai",2017,1012.8,1228713,0.824277109463316
80033,"Quang Ngai",2018,1133.02,1230205,0.921000971382818
80033,"Quang Ngai",2019,1223.4,1231697,0.993263765357876
80033,"Quang Ngai",2020,962.6,1238988,0.776924393133751
80028,"Quang Binh",1998,61.009800532311,790174.372599798,0.0772105533258173
80028,"Quang Binh",1999,71.8855347416067,795093.151633664,0.0904114625989479
80028,"Quang Binh",2000,84.7,800011.930667532,0.105873421074266
80028,"Quang Binh",2001,97.8,804930.709701399,0.121501141429031
80028,"Quang Binh",2002,111.3,809849.488735266,0.137432944699164
80028,"Quang Binh",2003,121.7,814768.267769132,0.149367623671967
80028,"Quang Binh",2004,150.9,819687.046803,0.184094650011307
80028,"Quang Binh",2005,151.3,824605.825836866,0.183481604494427
80028,"Quang Binh",2006,218,829677.61937765,0.262752658271684
80028,"Quang Binh",2007,261.6,834749.412918432,0.313387462095241
80028,"Quang Binh",2008,288.3,839821.206459217,0.343287354239965
80028,"Quang Binh",2009,389.2,844893,0.460650046810661
80028,"Quang Binh",2010,461.2,849948,0.542621430958129
80028,"Quang Binh",2011,560.1,854999,0.655088485483609
80028,"Quang Binh",2012,601.4,860053,0.699259231698512
80028,"Quang Binh",2013,627.3,865107,0.725112616127254
80028,"Quang Binh",2014,655.3,870163,0.753077297012169
80028,"Quang Binh",2015,706.4,875216,0.807115043600665
80028,"Quang Binh",2016,747.4,880270,0.84905767548593
80028,"Quang Binh",2017,815.4,885324,0.921018745679548
80028,"Quang Binh",2018,891.87,890375,1.00167906780851
80028,"Quang Binh",2019,981.3,895430,1.09589806014987
80028,"Quang Binh",2020,987.3,900660,1.09619612284325
80013,"Quang Ninh",1998,327.650280868749,990824.079409857,0.330684616651525
80013,"Quang Ninh",1999,368.214185255658,1004503.61213236,0.36656332621245
80013,"Quang Ninh",2000,413.8,1018183.14485487,0.406410184740373
80013,"Quang Ninh",2001,460.8,1031862.67757737,0.446571050599365
80013,"Quang Ninh",2002,481.1,1045542.21029987,0.460144024086808
80013,"Quang Ninh",2003,581,1059221.74302238,0.548515930519116
80013,"Quang Ninh",2004,708.7,1072901.27574488,0.660545397812088
80013,"Quang Ninh",2005,809.9,1086580.80846739,0.745365640262281
80013,"Quang Ninh",2006,822,1101182.60635054,0.746470199637655
80013,"Quang Ninh",2007,1134.9,1115784.40423369,1.01713197970305
80013,"Quang Ninh",2008,1145.1,1130386.20211685,1.01301661136309
80013,"Quang Ninh",2009,1188,1144988,1.03756545920132
80013,"Quang Ninh",2010,1285,1162523,1.10535447470717
80013,"Quang Ninh",2011,1377.5,1180056,1.16731748323808
80013,"Quang Ninh",2012,1492.2,1197587,1.24600550941184
80013,"Quang Ninh",2013,1527.9,1215122,1.25740460628645
80013,"Quang Ninh",2014,1599.8,1232655,1.29784895205877
80013,"Quang Ninh",2015,1801.4,1250190,1.44090098305058
80013,"Quang Ninh",2016,2008.6,1267725,1.58441302332919
80013,"Quang Ninh",2017,2229.5,1285256,1.73467387041959
80013,"Quang Ninh",2018,2633.36,1302789,2.02132501886338
80013,"Quang Ninh",2019,3173.2,1320324,2.40334948088499
80013,"Quang Ninh",2020,3347.5,1338681,2.50059573565323
80029,"Quang Tri",1998,234.237028274751,570164.787704048,0.410823385319851
80029,"Quang Tri",1999,244.829033277324,572703.53030848,0.42749698634728
80029,"Quang Tri",2000,255.9,575242.272912912,0.44485604074988
80029,"Quang Tri",2001,244.5,577781.015517343,0.423170705567533
80029,"Quang Tri",2002,184,580319.758121775,0.317066578252518
80029,"Quang Tri",2003,194.9,582858.500726207,0.334386475889373
80029,"Quang Tri",2004,211.7,585397.243330638,0.361634774355146
80029,"Quang Tri",2005,213.5,587935.98593507,0.363134771654509
80029,"Quang Tri",2006,300.9,590532.989451302,0.509539696130411
80029,"Quang Tri",2007,368,593129.992967535,0.620437348242719
80029,"Quang Tri",2008,429.3,595726.996483768,0.720632105870491
80029,"Quang Tri",2009,557,598324,0.930933741584827
80029,"Quang Tri",2010,627.4,601729,1.04266206215755
80029,"Quang Tri",2011,568.1,605133,0.938801883222366
80029,"Quang Tri",2012,591.6,608540,0.972162881651165
80029,"Quang Tri",2013,590.2,611944,0.964467336880499
80029,"Quang Tri",2014,521.9,615349,0.848136585904909
80029,"Quang Tri",2015,533.9,618755,0.862861714248774
80029,"Quang Tri",2016,572.5,622159,0.920182782857758
80029,"Quang Tri",2017,603.4,625566,0.964566488587935
80029,"Quang Tri",2018,656.88,628970,1.04437413549136
80029,"Quang Tri",2019,719.5,632375,1.13777426368848
80029,"Quang Tri",2020,622.7,636025,0.979049565661727
80060,"Soc Trang",1998,205.93763450206,1160692.62299281,0.177426504160124
80060,"Soc Trang",1999,217.541877367493,1172489.47686005,0.185538447603022
80060,"Soc Trang",2000,229.8,1184286.33072728,0.194040912267287
80060,"Soc Trang",2001,237.9,1196083.18459452,0.198899209573496
80060,"Soc Trang",2002,242.8,1207880.03846176,0.201013339295852
80060,"Soc Trang",2003,210.8,1219676.89232899,0.172832658653944
80060,"Soc Trang",2004,244,1231473.74619622,0.198136582898066
80060,"Soc Trang",2005,277,1243270.60006346,0.222799445258226
80060,"Soc Trang",2006,310.6,1255666.20004759,0.247358732749378
80060,"Soc Trang",2007,301.1,1268061.80003173,0.237448994987835
80060,"Soc Trang",2008,355.6,1280457.40001587,0.277713260898484
80060,"Soc Trang",2009,427.3,1292853,0.330509346383541
80060,"Soc Trang",2010,486,1283533,0.37864238784667
80060,"Soc Trang",2011,492.3,1274214,0.386355824060951
80060,"Soc Trang",2012,517.1,1264894,0.408808959485933
80060,"Soc Trang",2013,532.2,1255572,0.423870554615745
80060,"Soc Trang",2014,552.1,1246253,0.443007960662883
80060,"Soc Trang",2015,574.2,1236934,0.464212318523058
80060,"Soc Trang",2016,620.7,1227612,0.505615780881907
80060,"Soc Trang",2017,652.4,1218292,0.535503803685816
80060,"Soc Trang",2018,684,1208973,0.56576945887129
80060,"Soc Trang",2019,743.6,1199653,0.61984590544099
80060,"Soc Trang",2020,653,1190681,0.548425648851372
80014,"Son La",1998,107.541382979995,862770.919826099,0.124646508718295
80014,"Son La",1999,116.912402151172,881431.227264301,0.132639278635536
80014,"Son La",2000,127.1,900091.534702503,0.141207860644983
80014,"Son La",2001,124.7,918751.842140706,0.13572761901565
80014,"Son La",2002,129.9,937412.149578909,0.138572985274782
80014,"Son La",2003,186.3,956072.457017111,0.194859708207937
80014,"Son La",2004,191.9,974732.764455314,0.196874473699707
80014,"Son La",2005,190.4,993393.071893516,0.191666325633897
80014,"Son La",2006,198.7,1014058.55392014,0.195945292539437
80014,"Son La",2007,219.5,1034724.03594676,0.212133856346693
80014,"Son La",2008,237.6,1055389.51797338,0.22513014953593
80014,"Son La",2009,248.1,1076055,0.230564422822254
80014,"Son La",2010,278,1093292,0.25427790562814
80014,"Son La",2011,249.1,1110525,0.224308322640193
80014,"Son La",2012,270.4,1127764,0.23976647596483
80014,"Son La",2013,284.3,1145000,0.248296943231441
80014,"Son La",2014,287.3,1162234,0.247196347723436
80014,"Son La",2015,306,1179470,0.259438561387742
80014,"Son La",2016,314.6,1196705,0.262888514713317
80014,"Son La",2017,337.6,1213945,0.278101561438121
80014,"Son La",2018,372.22,1231179,0.302328093640324
80014,"Son La",2019,351.9,1248415,0.281877420569282
80014,"Son La",2020,365.7,1266464,0.288756727392172
80044,"Tay Ninh",1998,320.037283793606,955500.494839175,0.334942038776728
80044,"Tay Ninh",1999,355.053075027243,965399.316730521,0.367778461072137
80044,"Tay Ninh",2000,393.9,975298.138621865,0.40387650135024
80044,"Tay Ninh",2001,418.2,985196.960513209,0.424483648205889
80044,"Tay Ninh",2002,451.1,995095.782404555,0.453323195592247
80044,"Tay Ninh",2003,536.9,1004994.6042959,0.534231723936621
80044,"Tay Ninh",2004,632.4,1014893.42618724,0.62311961402273
80044,"Tay Ninh",2005,654.3,1024792.24807859,0.638470871756462
80044,"Tay Ninh",2006,728.5,1035222.43605894,0.703713496370284
80044,"Tay Ninh",2007,801.9,1045652.62403929,0.766889482763701
80044,"Tay Ninh",2008,872.5,1056082.81201965,0.826166272256088
80044,"Tay Ninh",2009,932.4,1066513,0.87425094677702
80044,"Tay Ninh",2010,961.3,1076779,0.89275515217143
80044,"Tay Ninh",2011,996.1,1087044,0.916338253097391
80044,"Tay Ninh",2012,1067.2,1097308,0.97256194249928
80044,"Tay Ninh",2013,1135.1,1107574,1.02485251549784
80044,"Tay Ninh",2014,1144.9,1117838,1.02420923246481
80044,"Tay Ninh",2015,1213.6,1128104,1.075787338756
80044,"Tay Ninh",2016,1280.3,1138370,1.12467826804993
80044,"Tay Ninh",2017,1368.6,1148634,1.19150225398169
80044,"Tay Ninh",2018,1476.98,1158899,1.27446826686364
80044,"Tay Ninh",2019,1452.2,1169165,1.2420830250649
80044,"Tay Ninh",2020,1362.2,1179783,1.15461911215876
80009,"Thai Nguyen",1998,79.6681429871697,1038334.2419083,0.0767268763483632
80009,"Thai Nguyen",1999,94.9234795603748,1045939.25320656,0.0907542950217861
80009,"Thai Nguyen",2000,113.1,1053544.26450482,0.107351920380069
80009,"Thai Nguyen",2001,115.3,1061149.27580308,0.108655777871347
80009,"Thai Nguyen",2002,146.3,1068754.28710134,0.136888339785558
80009,"Thai Nguyen",2003,189.9,1076359.2983996,0.17642807590584
80009,"Thai Nguyen",2004,277.6,1083964.30969785,0.256096992785103
80009,"Thai Nguyen",2005,284.6,1091569.32099611,0.260725539391569
80009,"Thai Nguyen",2006,306.1,1099455.99074708,0.278410416220484
80009,"Thai Nguyen",2007,339.5,1107342.66049806,0.30658983177556
80009,"Thai Nguyen",2008,433.5,1115229.33024903,0.388709288970368
80009,"Thai Nguyen",2009,454.8,1123116,0.404944814248929
80009,"Thai Nguyen",2010,468.4,1139479,0.411065056925139
80009,"Thai Nguyen",2011,523.8,1155843,0.45317573407461
80009,"Thai Nguyen",2012,573,1172208,0.488821096597191
80009,"Thai Nguyen",2013,609.6,1188571,0.512884800319039
80009,"Thai Nguyen",2014,653,1204931,0.54193974592736
80009,"Thai Nguyen",2015,689.6,1221296,0.564646080884569
80009,"Thai Nguyen",2016,741.3,1237659,0.598953346600316
80009,"Thai Nguyen",2017,797.6,1254024,0.636032484226777
80009,"Thai Nguyen",2018,859.64,1270388,0.676675157510934
80009,"Thai Nguyen",2019,943.7,1286751,0.733397526017077
80009,"Thai Nguyen",2020,797.1,1304482,0.61104714361716
80022,"Thai Binh",1998,135.37854481069,1786235.58744099,0.0757898598384984
80022,"Thai Binh",1999,159.491782139171,1785834.6904767,0.0893093761643733
80022,"Thai Binh",2000,187.9,1785433.79351241,0.105240530722986
80022,"Thai Binh",2001,216.9,1785032.89654813,0.121510365674178
80022,"Thai Binh",2002,256.9,1784631.99958385,0.143951246004726
80022,"Thai Binh",2003,285.2,1784231.10261956,0.159844764269201
80022,"Thai Binh",2004,372.7,1783830.20565527,0.208932441450105
80022,"Thai Binh",2005,463.2,1783429.30869099,0.259724339923505
80022,"Thai Binh",2006,495.7,1783032.48151824,0.278009517570826
80022,"Thai Binh",2007,504.6,1782635.65434549,0.283064011857918
80022,"Thai Binh",2008,577.7,1782238.82717275,0.324142865250239
80022,"Thai Binh",2009,814.1,1781842,0.456886749779161
80022,"Thai Binh",2010,888.9,1789704,0.496674310388757
80022,"Thai Binh",2011,961.8,1797564,0.535057444408099
80022,"Thai Binh",2012,1028.8,1805423,0.569838758008511
80022,"Thai Binh",2013,1092,1813285,0.60222193422435
80022,"Thai Binh",2014,1158.9,1821144,0.636358245147007
80022,"Thai Binh",2015,1155.7,1829004,0.631873959816381
80022,"Thai Binh",2016,1130.3,1836864,0.615342235462179
80022,"Thai Binh",2017,1255.8,1844725,0.680751873585494
80022,"Thai Binh",2018,1477.49,1852587,0.797527997335618
80022,"Thai Binh",2019,1675.4,1860447,0.900536268971919
80022,"Thai Binh",2020,1606.9,1868449,0.860018121982457
80025,"Thanh Hoa",1998,174.661057966431,3473146.42229471,0.0502889992904565
80025,"Thanh Hoa",1999,193.918863910071,3466526.94744184,0.0559403884205127
80025,"Thanh Hoa",2000,215.3,3459907.47258897,0.0622270976046929
80025,"Thanh Hoa",2001,229.6,3453287.9977361,0.0664873593371074
80025,"Thanh Hoa",2002,244.1,3446668.52288323,0.0708220121486484
80025,"Thanh Hoa",2003,257.4,3440049.04803035,0.0748245145363197
80025,"Thanh Hoa",2004,274.7,3433429.57317748,0.0800074660467778
80025,"Thanh Hoa",2005,304,3426810.09832461,0.0887122400358946
80025,"Thanh Hoa",2006,396.3,3420256.32374345,0.115868508815811
80025,"Thanh Hoa",2007,462.7,3413702.5491623,0.135541979225326
80025,"Thanh Hoa",2008,579.4,3407148.77458115,0.170054211991734
80025,"Thanh Hoa",2009,714.8,3400595,0.210198509378506
80025,"Thanh Hoa",2010,857.2,3424547,0.250310479021021
80025,"Thanh Hoa",2011,962.1,3448499,0.278990946495852
80025,"Thanh Hoa",2012,1093.2,3472457,0.314820313109709
80025,"Thanh Hoa",2013,1188.9,3496407,0.340034784279977
80025,"Thanh Hoa",2014,1267.5,3520360,0.360048404140486
80025,"Thanh Hoa",2015,1546.4,3544316,0.436304212152641
80025,"Thanh Hoa",2016,1688.7,3568267,0.47325494420681
80025,"Thanh Hoa",2017,1881.2,3592224,0.523686718868311
80025,"Thanh Hoa",2018,1789.76,3616175,0.494931799484262
80025,"Thanh Hoa",2019,2088.5,3640128,0.573743560665999
80025,"Thanh Hoa",2020,1761.2,3668687,0.480062758147533
80030,"Thua Thien - Hue",1998,379.871894009707,1039365.86265037,0.365484289662005
80030,"Thua Thien - Hue",1999,402.180870342354,1043697.31109808,0.385342441784405
80030,"Thua Thien - Hue",2000,425.8,1048028.7595458,0.406286560480016
80030,"Thua Thien - Hue",2001,430.5,1052360.20799352,0.409080461927398
80030,"Thua Thien - Hue",2002,422.8,1056691.65644123,0.400116720353336
80030,"Thua Thien - Hue",2003,458.6,1061023.10488895,0.432224329410809
80030,"Thua Thien - Hue",2004,455.3,1065354.55333666,0.427369459842276
80030,"Thua Thien - Hue",2005,521.5,1069686.00178438,0.487526245206601
80030,"Thua Thien - Hue",2006,592.6,1074119.50133828,0.551707700364493
80030,"Thua Thien - Hue",2007,690.7,1078553.00089219,0.640395047279685
80030,"Thua Thien - Hue",2008,626.5,1082986.5004461,0.578492898796003
80030,"Thua Thien - Hue",2009,706.8,1087420,0.649978849018778
80030,"Thua Thien - Hue",2010,739.1,1091539,0.677117354487563
80030,"Thua Thien - Hue",2011,724.8,1095659,0.661519688151149
80030,"Thua Thien - Hue",2012,784.8,1099780,0.713597264907527
80030,"Thua Thien - Hue",2013,847.3,1103901,0.767550713333895
80030,"Thua Thien - Hue",2014,835.4,1108018,0.753958870704267
80030,"Thua Thien - Hue",2015,849.6,1112139,0.763933285317753
80030,"Thua Thien - Hue",2016,919.3,1116261,0.823552914596138
80030,"Thua Thien - Hue",2017,980,1120381,0.874702444971844
80030,"Thua Thien - Hue",2018,1107.49,1124500,0.984873277012005
80030,"Thua Thien - Hue",2019,1218,1128620,1.07919406000248
80030,"Thua Thien - Hue",2020,788.3,1132916,0.695815047187964
80053,"Tien Giang",1998,738.159143210282,1596811.14242596,0.462270786818805
80053,"Tien Giang",1999,775.723748215189,1603618.16611476,0.483733450148304
80053,"Tien Giang",2000,815.2,1610425.18980356,0.506201719372906
80053,"Tien Giang",2001,869.5,1617232.21349236,0.537646970389209
80053,"Tien Giang",2002,762.8,1624039.23718116,0.469693085324706
80053,"Tien Giang",2003,821.1,1630846.26086996,0.503480934838083
80053,"Tien Giang",2004,944.3,1637653.28455876,0.576617779174441
80053,"Tien Giang",2005,950.1,1644460.30824756,0.577757939936225
80053,"Tien Giang",2006,1072.5,1651412.98118567,0.649443847310668
80053,"Tien Giang",2007,987.4,1658365.65412378,0.595405481019629
80053,"Tien Giang",2008,924,1665318.32706189,0.554848874827558
80053,"Tien Giang",2009,939.8,1672271,0.561990251580037
80053,"Tien Giang",2010,986.8,1681462,0.58687023554502
80053,"Tien Giang",2011,1035.4,1690655,0.612425361768072
80053,"Tien Giang",2012,1099.5,1699844,0.646824061502114
80053,"Tien Giang",2013,1212.6,1709037,0.709522380147416
80053,"Tien Giang",2014,1289.9,1718229,0.750714834867762
80053,"Tien Giang",2015,1480.8,1727419,0.857232669086076
80053,"Tien Giang",2016,1485.2,1736611,0.855228948797399
80053,"Tien Giang",2017,1571.3,1745801,0.900045308715025
80053,"Tien Giang",2018,1638.22,1754995,0.933461348892732
80053,"Tien Giang",2019,1664,1764185,0.943211737997999
80053,"Tien Giang",2020,1276.3,1773765,0.7195428932243
80058,"Tra Vinh",1998,343.899101926308,963400.577561886,0.356963769729748
80058,"Tra Vinh",1999,366.881600102754,966977.601512609,0.379410649769812
80058,"Tra Vinh",2000,391.4,970554.625463331,0.403274570777663
80058,"Tra Vinh",2001,350.9,974131.649414051,0.360218252030995
80058,"Tra Vinh",2002,472,977708.673364775,0.48276139187312
80058,"Tra Vinh",2003,365.9,981285.697315497,0.37287815465057
80058,"Tra Vinh",2004,354.8,984862.721266217,0.360253253919329
80058,"Tra Vinh",2005,383.8,988439.745216941,0.388288716492035
80058,"Tra Vinh",2006,511.5,992082.808912706,0.515581960905652
80058,"Tra Vinh",2007,551.3,995725.87260847,0.553666440900825
80058,"Tra Vinh",2008,562.3,999368.936304235,0.562655071188665
80058,"Tra Vinh",2009,408,1003012,0.40677479431951
80058,"Tra Vinh",2010,419.1,1003629,0.417584585539079
80058,"Tra Vinh",2011,340.3,1004244,0.338861870222775
80058,"Tra Vinh",2012,362.7,1004857,0.360946880998988
80058,"Tra Vinh",2013,379.2,1005475,0.377135184862876
80058,"Tra Vinh",2014,392.9,1006091,0.390521334551248
80058,"Tra Vinh",2015,422,1006705,0.419189335505436
80058,"Tra Vinh",2016,459.1,1007320,0.455763808918715
80058,"Tra Vinh",2017,496.7,1007936,0.49278922471268
80058,"Tra Vinh",2018,534.56,1008554,0.530026156259357
80058,"Tra Vinh",2019,604.6,1009168,0.599107383507999
80058,"Tra Vinh",2020,512.2,1010259,0.506998700333281
80005,"Tuyen Quang",1998,71.6325411557722,673396.707190974,0.10637495014578
80005,"Tuyen Quang",1999,87.8748424555757,677990.282520137,0.1296107698313
80005,"Tuyen Quang",2000,107.8,682583.8578493,0.157929313388187
80005,"Tuyen Quang",2001,115.2,687177.433178463,0.167642292132841
80005,"Tuyen Quang",2002,141.6,691771.008507626,0.204692012614806
80005,"Tuyen Quang",2003,172.7,696364.583836788,0.248002273533883
80005,"Tuyen Quang",2004,191.2,700958.159165953,0.272769490589142
80005,"Tuyen Quang",2005,274.6,705551.734495115,0.389198958169241
80005,"Tuyen Quang",2006,356.9,710369.050871336,0.502414906114263
80005,"Tuyen Quang",2007,393.7,715186.367247558,0.550485884560664
80005,"Tuyen Quang",2008,401.6,720003.683623778,0.55777492412087
80005,"Tuyen Quang",2009,607.1,724821,0.837586107466533
80005,"Tuyen Quang",2010,642.2,730820,0.878738950767631
80005,"Tuyen Quang",2011,647.1,736819,0.878234681787522
80005,"Tuyen Quang",2012,665.9,742818,0.896451082230102
80005,"Tuyen Quang",2013,632,748817,0.843997932739241
80005,"Tuyen Quang",2014,662.3,754817,0.877431218427778
80005,"Tuyen Quang",2015,719.3,760815,0.94543351537496
80005,"Tuyen Quang",2016,725.1,766814,0.94560088887266
80005,"Tuyen Quang",2017,763.5,772813,0.987949219280732
80005,"Tuyen Quang",2018,841.51,778812,1.08050466608116
80005,"Tuyen Quang",2019,903.5,784811,1.15123258975728
80005,"Tuyen Quang",2020,666.1,790987,0.84211244938286
80056,"Vinh Long",1998,201.386126411399,1008724.77117878,0.199644275787994
80056,"Vinh Long",1999,228.471626172342,1010173.20481357,0.226170744862024
80056,"Vinh Long",2000,259.2,1011621.63844835,0.256222277330453
80056,"Vinh Long",2001,291.1,1013070.07208313,0.2873443881344
80056,"Vinh Long",2002,314.9,1014518.50571791,0.310393549477113
80056,"Vinh Long",2003,345.8,1015966.9393527,0.340365406201425
80056,"Vinh Long",2004,418.8,1017415.37298748,0.411631287593246
80056,"Vinh Long",2005,472.1,1018863.80662226,0.463359280142755
80056,"Vinh Long",2006,550.3,1020324.6049667,0.539338164855841
80056,"Vinh Long",2007,598.4,1021785.40331113,0.58564156236805
80056,"Vinh Long",2008,716.1,1023246.20165557,0.69983157410346
80056,"Vinh Long",2009,803.1,1024707,0.783736228990336
80056,"Vinh Long",2010,866.9,1024515,0.846156474038935
80056,"Vinh Long",2011,817.8,1024323,0.79838097943715
80056,"Vinh Long",2012,866.7,1024132,0.84627762827448
80056,"Vinh Long",2013,899.2,1023939,0.878177313296984
80056,"Vinh Long",2014,922.7,1023750,0.901294261294261
80056,"Vinh Long",2015,859,1023559,0.839228613103885
80056,"Vinh Long",2016,899.4,1023367,0.878863594389891
80056,"Vinh Long",2017,965.1,1023175,0.943240403645515
80056,"Vinh Long",2018,887.41,1022982,0.867473718990168
80056,"Vinh Long",2019,895.6,1022791,0.875643215476085
80056,"Vinh Long",2020,793.7,1022654,0.776117826752743
80010,"Vinh Phuc",1998,48.1336744598325,1098896.84119411,0.043801813469159
80010,"Vinh Phuc",1999,63.3588861167085,1089698.96000058,0.0581434767237685
80010,"Vinh Phuc",2000,83.4,1080501.07880705,0.0771864106716854
80010,"Vinh Phuc",2001,85.2,1071303.19761352,0.0795293061663543
80010,"Vinh Phuc",2002,125,1062105.31641999,0.117690777051502
80010,"Vinh Phuc",2003,163.4,1052907.43522646,0.155189330546285
80010,"Vinh Phuc",2004,249.9,1043709.55403293,0.239434427934839
80010,"Vinh Phuc",2005,371.1,1034511.6728394,0.358719973629154
80010,"Vinh Phuc",2006,403.6,1025830.25462955,0.393437411480664
80010,"Vinh Phuc",2007,587.4,1017148.8364197,0.577496605184755
80010,"Vinh Phuc",2008,787.4,1008467.41820985,0.78078873524514
80010,"Vinh Phuc",2009,889.7,999786,0.889890436553423
80010,"Vinh Phuc",2010,1111.2,1014923,1.09486138357294
80010,"Vinh Phuc",2011,1197.8,1030058,1.16284714064645
80010,"Vinh Phuc",2012,1315.7,1045197,1.25880575623543
80010,"Vinh Phuc",2013,1400.1,1060335,1.32043175034305
80010,"Vinh Phuc",2014,1608,1075469,1.49516164575641
80010,"Vinh Phuc",2015,1717.2,1090605,1.57453890271913
80010,"Vinh Phuc",2016,1774.1,1105743,1.60444153840449
80010,"Vinh Phuc",2017,1880.5,1120882,1.67769667101443
80010,"Vinh Phuc",2018,1320.98,1136017,1.16281710572993
80010,"Vinh Phuc",2019,1378.1,1151154,1.19714651558349
80010,"Vinh Phuc",2020,1201.1,1167007,1.02921404927306
80007,"Yen Bai",1998,78.4542856017305,676321.75305723,0.116001422765256
80007,"Yen Bai",1999,90.8049856381348,682010.25831049,0.133143137557904
80007,"Yen Bai",2000,105.1,687698.763563748,0.152828542915153
80007,"Yen Bai",2001,114,693387.268817008,0.164410287189865
80007,"Yen Bai",2002,111,699075.774070266,0.158781070832592
80007,"Yen Bai",2003,140.1,704764.279323525,0.19878987075576
80007,"Yen Bai",2004,181.1,710452.784576784,0.254907861481437
80007,"Yen Bai",2005,227.5,716141.289830042,0.317674742722894
80007,"Yen Bai",2006,244.6,722205.217372533,0.33868489747261
80007,"Yen Bai",2007,262.2,728269.144915022,0.360031729794889
80007,"Yen Bai",2008,269.6,734333.072457512,0.367135854439674
80007,"Yen Bai",2009,271.2,740397,0.366289976863764
80007,"Yen Bai",2010,274.7,748461,0.36701979127837
80007,"Yen Bai",2011,302.8,756524,0.40025167740878
80007,"Yen Bai",2012,332.5,764586,0.434875867462915
80007,"Yen Bai",2013,354.9,772649,0.459328880254812
80007,"Yen Bai",2014,366.2,780714,0.469057811183096
80007,"Yen Bai",2015,384.4,788778,0.48733610724437
80007,"Yen Bai",2016,399.8,796841,0.50173121111991
80007,"Yen Bai",2017,422.2,804903,0.524535254558624
80007,"Yen Bai",2018,445.97,812966,0.548571526976528
80007,"Yen Bai",2019,474.9,821030,0.578419789776257
80007,"Yen Bai",2020,400.6,829413,0.482992188451351
