"areaid","areanameen","areaprovin","traveltime_city","traveltime_airport"
"70000","Dong Van","Ha Giang",37.7129942380794,350.901327886466
"70001","Meo Vac","Ha Giang",58.0972841008098,331.322070975293
"70002","Yen Minh","Ha Giang",39.8407051086453,346.892189923216
"70003","Quan Ba","Ha Giang",55.0293347136308,311.984232446684
"70004","Ha Quang","Cao Bang",133.557238716641,280.076684201763
"70005","Bao Lam","Cao Bang",67.1772449198136,327.175769244446
"70006","Bao Lac","Cao Bang",34.3351336934498,286.020254664221
"70007","Trung Khanh","Cao Bang",126.31080322603,305.840969125278
"70008","Thong Nong","Cao Bang",93.512241954681,270.539946879976
"70009","Ha Giang","Ha Giang",65.7412942897644,248.598052306353
"70010","Tra Linh","Cao Bang",143.203477294367,273.972774663728
"70011","Vi Xuyen","Ha Giang",75.6238011391677,260.037879164687
"70012","Bac Me","Ha Giang",102.2979613215,324.707418769338
"70013","Ha Lang","Cao Bang",100.432321192088,325.286637929213
"70014","Hoang Su Phi","Ha Giang",124.058796585336,299.093246691313
"70015","Hoa An","Cao Bang",93.7047067074681,205.789616450251
"70016","Muong Khuong","Lao Cai",69.9788750164244,201.545088540496
"70017","Quang Uyen","Cao Bang",110.064392604106,265.613491437466
"70018","Si Ma Cai","Lao Cai",74.0871148852872,194.213764159287
"70019","Cao Bang","Cao Bang",99.3677404117622,226.191619775515
"70020","Nguyen Binh","Cao Bang",74.3156775082399,228.993195427711
"70021","Xin Man","Ha Giang",116.946672133488,245.189513081232
"70022","Phong Tho","Lai Chau",97.2306614122301,248.876661945536
"70023","Pac Nam","Bac Kan",117.738722662095,250.060032193086
"70024","Bat Xat","Lao Cai",42.7384135911209,195.198041104591
"70025","Phuc Hoa","Cao Bang",86.7397618117114,266.391667296179
"70027","Bac Ha","Lao Cai",47.1182500468144,166.588078360998
"70028","Thach An","Cao Bang",110.245539196728,248.147812283977
"70031","Ngan Son","Bac Kan",133.360140349161,197.859108432754
"70032","Lao Cai","Lao Cai",19.5306734781498,150.29866131412
"70033","Ba Be","Bac Kan",122.995112610077,208.646082745499
"70034","Bac Quang","Ha Giang",32.4215282249378,207.057401140607
"70035","Lai Chau","Lai Chau",21.2711680222851,191.673249600775
"70036","Quang Binh","Ha Giang",58.3742424838817,217.949056960083
"70037","Bao Thang","Lao Cai",16.2220970658684,145.287926288241
"70038","Tam Duong","Lai Chau",31.5651140934487,204.975211167671
"70039","Sa Pa","Lao Cai",63.7311902893335,205.258562118443
"70040","Trang Dinh","Lang Son",81.5125597644343,235.580966105281
"70041","Bao Yen","Lao Cai",49.4108728102771,146.142335967495
"70045","Bach Thong","Bac Kan",106.370073950533,166.646130642023
"70046","Cho Don","Bac Kan",77.6522187056115,180.543172377354
"70048","Na Ri","Bac Kan",117.734227542936,181.779974551108
"70049","Bac Kan","Bac Kan",75.4864138948046,135.685071243488
"70050","Tan Uyen","Lai Chau",76.2273202786418,261.577775691865
"70051","Luc Yen","Yen Bai",52.9092449302598,172.766331668653
"70052","Ham Yen","Tuyen Quang",22.579130093082,147.412449531214
"70053","Binh Gia","Lang Son",110.325749604629,188.321046256203
"70054","Van Ban","Lao Cai",81.474769183338,182.491210035781
"70055","Van Lang","Lang Son",37.4294698188978,186.331550148268
"70056","Muong Lay","Dien Bien",32.1068601515012,114.462098104845
"70057","Tua Chua","Dien Bien",101.398436291033,179.146042218694
"70058","Cho Moi","Bac Kan",58.4569979182019,118.673481481895
"70059","Van Yen","Yen Bai",29.2359332093451,121.165106430316
"70060","Dinh Hoa","Thai Nguyen",15.4141275988879,109.173567904697
"70062","Than Uyen","Lai Chau",91.9999598136582,213.211207499203
"70063","Cao Loc","Lang Son",15.244348859217,138.704447221491
"70064","Yen Son","Tuyen Quang",18.0757599241001,91.4618757090086
"70065","Yen Binh","Yen Bai",23.2124474957628,107.707405433878
"70066","Lang Son","Lang Son",1.68923783930959,148.59700958316
"70067","Van Quan","Lang Son",44.1652480476174,165.683102406646
"70069","Bac Son","Lang Son",86.9305439957365,144.488894303081
"70070","Mu Cang Chai","Yen Bai",115.94890762397,246.003553016242
"70071","Vo Nhai","Thai Nguyen",56.894260830102,107.570454727249
"70072","Tuyen Quang","Tuyen Quang",1.83392919609118,88.5683102174195
"70073","Quynh Nhai","Son La",122.295649651518,173.328347291298
"70074","Phu Luong","Thai Nguyen",12.8805239483185,65.920591560962
"70075","Yen Bai","Yen Bai",1.64851957432198,72.6256431543516
"70076","Tran Yen","Yen Bai",19.2181246381625,78.4162470997549
"70077","Dong Hy","Thai Nguyen",12.9262336299153,54.3047256070433
"70078","Loc Binh","Lang Son",25.4553045167834,204.82443182277
"70079","Son Duong","Tuyen Quang",35.1838181436468,77.9913270403355
"70080","Chi Lang","Lang Son",37.5607390313034,132.562936894
"70081","Tuan Giao","Dien Bien",94.5580708955029,118.773622915839
"70082","Doan Hung","Phu Tho",22.9917278821877,68.2368943716412
"70083","Dai Tu","Thai Nguyen",13.2132059032456,70.1302866656432
"70084","Nghia Lo","Yen Bai",2.78136739275688,109.105519491867
"70085","Ha Hoa","Phu Tho",19.7463350986372,62.9582961383539
"70086","Huu Lung","Lang Son",24.3312889264927,103.3368751427
"70087","Van Chan","Yen Bai",33.6608156341259,149.126690990104
"70088","Thai Nguyen","Thai Nguyen",1.25899403808344,43.6840014807469
"70089","Binh Lieu","Quang Ninh",92.4875948639531,205.266996419322
"70090","Dinh Lap","Lang Son",59.7426762295129,186.453438275887
"70091","Muong La","Son La",102.741086672093,241.129671731618
"70092","Yen The","Bac Giang",28.4370318583952,59.0409277175654
"70093","Muong Ang","Dien Bien",62.3541254706498,69.7681308139982
"70094","Tram Tau","Yen Bai",87.5696378692017,212.085594931696
"70095","Mong Cai","Quang Ninh",13.4545930561593,240.319399089021
"70096","Phu Binh","Thai Nguyen",7.27088549641209,37.3571198004637
"70097","Song Cong","Thai Nguyen",1.73804432006081,25.9747170344456
"70098","Tam Dao","Vinh Phuc",23.1921885591423,34.3826238857312
"70099","Phu Ninh","Phu Tho",10.698916861884,32.6448676342385
"70100","Pho Yen","Thai Nguyen",4.20410041620386,22.077558043428
"70101","Thanh Ba","Phu Tho",21.0344625243927,44.5734107349314
"70102","Hai Ha","Quang Ninh",49.9826217266526,207.549313137174
"70103","Luc Ngan","Bac Giang",20.5653375775411,117.52010881669
"70104","Song Lo","Vinh Phuc",14.8242860152744,37.7666115324249
"70105","Thuan Chau","Son La",54.8856741220526,146.032766649316
"70106","Phu Tho","Phu Tho",12.9943137165103,36.4707714567357
"70107","Dien Bien Phu","Dien Bien",2.90742961941634,9.53436458292245
"70108","Lap Thach","Vinh Phuc",10.9521227664718,27.8364059179008
"70109","Tan Yen","Bac Giang",19.8753029812764,50.3195026114306
"70110","Cam Khe","Phu Tho",24.2207604512876,52.3439720098632
"70111","Tien Yen","Quang Ninh",49.0670482679711,157.315959184432
"70112","Yen Lap","Phu Tho",46.9258879900631,82.4117835522997
"70113","Lang Giang","Bac Giang",6.20484407942087,60.6027333445877
"70114","Dam Ha","Quang Ninh",65.8102449331169,177.224818200129
"70115","Tam Duong","Vinh Phuc",3.36110527791263,15.5532429011562
"70116","Son La","Son La",8.30955416845609,168.007113374031
"70117","Viet Tri","Phu Tho",1.09610462528271,27.7354751296258
"70118","Hiep Hoa","Bac Giang",6.85874972430022,24.7597021623872
"70119","Binh Xuyen","Vinh Phuc",3.20270206921879,11.4268425210294
"70120","Son Dong","Bac Giang",59.1671585565791,133.116827927239
"70121","Lam Thao","Phu Tho",8.94179075145822,42.0771045383269
"70122","Phuc Yen","Vinh Phuc",4.42809809763358,9.73090334026049
"70123","Vinh Yen","Vinh Phuc",0.14255539632158,13.2750430317418
"70124","Tam Nong","Phu Tho",10.5905056449858,43.7760851246657
"70125","Luc Nam","Bac Giang",12.4670838246149,82.5676214213947
"70126","Soc Son","Ha Noi",1.52321659587648,6.92244836111901
"70127","Viet Yen","Bac Giang",3.08189868009396,34.8895946733479
"70128","Bac Giang","Bac Giang",0.267723929094221,43.6542327108849
"70129","Ba Che","Quang Ninh",76.8661000622251,172.676420655569
"70130","Dien Bien","Dien Bien",24.8200645141031,35.3941566724813
"70131","Vinh Tuong","Vinh Phuc",1.76824933400121,24.741882629462
"70132","Dien Bien Dong","Dien Bien",69.9088497038306,84.7670831615875
"70133","Phu Yen","Son La",37.69996479951,181.345403207707
"70134","Bac Yen","Son La",66.0270350807526,224.103066704344
"70135","Yen Lac","Vinh Phuc",2.27272467555085,20.7173500322793
"70136","Yen Phong","Bac Ninh",1.85078496477203,16.4686293835405
"70137","Yen Dung","Bac Giang",9.6371370272781,50.5508197698153
"70138","Tan Son","Phu Tho",58.7089258069842,119.356608991093
"70139","Me Linh","Ha Noi",0.905668581452717,9.62975287081935
"70140","Bac Ninh","Bac Ninh",0.265854987827255,27.7528953699901
"70141","Mai Son","Son La",34.7735263814434,193.104764287505
"70142","Ba Vi","Ha Noi",8.42644943620989,51.2514106712575
"70143","Que Vo","Bac Ninh",4.63220418539847,34.0578064877801
"70144","Dong Anh","Ha Noi",0.0769476132354321,8.6527208831204
"70145","Chi Linh","Hai Duong",6.04429046038269,65.3748158807157
"70146","Tien Du","Bac Ninh",1.02371856525019,20.799887974654
"70147","Thanh Thuy","Phu Tho",12.5481817853549,49.9989089425471
"70148","Dan Phuong","Ha Noi",0.360433513502387,17.1390355586708
"70149","Dong Trieu","Quang Ninh",5.25763522517461,53.9481955306305
"70150","Tu Son","Bac Ninh",0.121917646357256,17.9035176255981
"70151","Phuc Tho","Ha Noi",0.958111530050435,28.721463346028
"70152","Hoanh Bo","Quang Ninh",22.6459611477823,82.9834328668704
"70153","Song Ma","Son La",39.0298212989008,147.264306661292
"70154","Co To","Quang Ninh",102.74464126839,NA
"70155","Son Tay","Ha Noi",2.45109704151791,41.0127891564253
"70156","Thanh Son","Phu Tho",32.2789122161094,77.2661910260928
"70157","Bac Tu Liem","Ha Noi",0,10.6083263575877
"70158","Uong Bi","Quang Ninh",6.6018580298361,45.3674386316956
"70159","Tay Ho","Ha Noi",0,6.75089240580543
"70160","Cam Pha","Quang Ninh",4.94357182814259,110.727530403852
"70161","Gia Binh","Bac Ninh",4.87308127605626,44.0384761621328
"70162","Thuan Thanh","Bac Ninh",1.0784832042119,32.2749418618872
"70163","Long Bien","Ha Noi",0,11.2195501295901
"70164","Ba Dinh","Ha Noi",0,8.55541105322984
"70165","Hoan Kiem","Ha Noi",0,9.23546545596422
"70166","Cau Giay","Ha Noi",0,9.01675282716778
"70167","Luong Tai","Bac Ninh",7.2425671276648,48.2471923629307
"70168","Thach That","Ha Noi",2.76175190814236,31.6160056000817
"70169","Gia Lam","Ha Noi",0.104293782579071,15.4965948551704
"70170","Hoai Duc","Ha Noi",0.322408423670555,19.0067700771751
"70171","Nam Sach","Hai Duong",7.5494293547871,48.840760397344
"70172","Nam Tu Liem","Ha Noi",0,12.5683044419896
"70173","Dong Da","Ha Noi",0,10.0116648609732
"70174","Hai Ba Trung","Ha Noi",0,10.6499493958697
"70175","Kinh Mon","Hai Duong",2.03612138047548,38.4116220817599
"70176","Thanh Xuan","Ha Noi",0,11.3093068493023
"70177","Yen Chau","Son La",26.0636007199923,230.850412220862
"70178","Van Don","Quang Ninh",31.6612302966232,113.941302284898
"70179","Quoc Oai","Ha Noi",1.81268946067476,26.7893106945436
"70180","Hoang Mai","Ha Noi",0,14.6946926711758
"70181","Ha Long","Quang Ninh",6.35288325057586,81.4866332497547
"70182","Van Lam","Hung Yen",0.762432115208731,21.4683325786369
"70183","Ha Dong","Ha Noi",0.170243045639511,19.0340831376466
"70184","Cam Giang","Hai Duong",1.97468986609538,42.2046404236865
"70185","Thuy Nguyen","Hai Phong",1.85220250125792,22.1405714166135
"70186","Thanh Tri","Ha Noi",0.36773440718297,15.7797557332205
"70187","Hai Duong","Hai Duong",0.100807996499834,42.0413024588168
"70188","Da Bac","Hoa Binh",66.5094494893628,136.790045351788
"70189","Van Giang","Hung Yen",1.28299149000435,18.9699754429244
"70190","Kim Thanh","Hai Duong",2.81104306522485,30.1979586503819
"70191","My Hao","Hung Yen",1.17031656070233,28.3971395593008
"70192","Quang Yen","Quang Ninh",13.2790747421027,38.1398196950888
"70193","Ky Son","Hoa Binh",13.6182877396951,53.8312499865898
"70194","Yen My","Hung Yen",1.19142073665174,24.3517875444952
"70195","Thanh Ha","Hai Duong",2.76099823201527,32.6233212691678
"70196","An Duong","Hai Phong",0.425236872541241,14.2188779370834
"70197","Sop Cop","Son La",88.3238895951771,187.315596663305
"70198","Chuong My","Ha Noi",5.24139644814773,34.2665060301909
"70199","Hong Bang","Hai Phong",6.45597964182887e-05,5.953701702042
"70200","Binh Giang","Hai Duong",5.50232192407363,34.8114524078139
"70202","Thanh Oai","Ha Noi",4.4279505057591,34.2196709566177
"70203","Ngo Quyen","Hai Phong",0.0042660609516593,3.67855096198842
"70204","Gia Loc","Hai Duong",2.01607105322304,32.5428897479894
"70205","Hoa Binh","Hoa Binh",3.99705017655867,61.3127401018747
"70206","Le Chan","Hai Phong",0.000394652948923359,5.23906721142907
"70207","Thuong Tin","Ha Noi",0.806652374942742,26.9079012738531
"70208","Khoai Chau","Hung Yen",2.56474497901408,32.0558928836415
"70209","Hai An","Hai Phong",0.760816066712126,3.30203386876385
"70210","Tu Ky","Hai Duong",5.13082096135913,27.1918287898018
"70211","An Thi","Hung Yen",3.96272133692382,33.3975154919153
"70213","Kien An","Hai Phong",0.109923554758129,7.99000962854531
"70214","An Lao","Hai Phong",0.69875065899314,16.682951120422
"70215","Duong Kinh","Hai Phong",1.19374528961259,4.96417017473551
"70216","Luong Son","Hoa Binh",12.8965104051304,46.8720284214266
"70217","Thanh Mien","Hai Duong",5.6697030762754,44.8345411801777
"70218","Cat Hai","Hai Phong",52.3301829689265,27.6852920248837
"70219","Ninh Giang","Hai Duong",11.6003352770956,43.1500961698814
"70220","Kim Dong","Hung Yen",7.278976141274,41.4509994148382
"70221","Kien Thuy","Hai Phong",2.6175994201456,14.9526493732313
"70222","Phu Xuyen","Ha Noi",2.94565040470291,37.6098127231031
"70223","Mai Chau","Hoa Binh",33.4688136600702,139.109116711774
"70224","Phu Cu","Hung Yen",9.28874558464489,49.0938586813776
"70225","Do Son","Hai Phong",9.19734746859297,11.3635332509781
"70226","Ung Hoa","Ha Noi",4.40355114899271,43.8623115773969
"70227","Tien Lang","Hai Phong",5.61643063480751,27.2478171873211
"70228","My Duc","Ha Noi",10.7729723627997,48.4636510195924
"70229","Cao Phong","Hoa Binh",24.6279636910196,79.3730360485857
"70230","Vinh Bao","Hai Phong",5.6485464641231,34.6565925004901
"70231","Kim Boi","Hoa Binh",21.3601551027293,90.472208607725
"70232","Tien Lu","Hung Yen",3.76615832090665,45.394786628147
"70233","Hung Yen","Hung Yen",0.627224675391917,45.1076789013979
"70234","Quynh Phu","Thai Binh",3.23328093595305,48.4724655033185
"70235","Duy Tien","Ha Nam",3.01087262831046,39.5103440806242
"70236","Tan Lac","Hoa Binh",33.7559535811786,106.843632097049
"70237","Hung Ha","Thai Binh",5.99075299772382,66.3940211042091
"70238","Kim Bang","Ha Nam",4.58674574264103,46.1884791342031
"70239","Dong Hung","Thai Binh",2.99203079801938,53.6060289984632
"70240","Ly Nhan","Ha Nam",9.799623194263,58.7006511947151
"70241","Thai Thuy","Thai Binh",9.59811673447283,68.2854437432866
"70242","Phu Ly","Ha Nam",0.335243481969462,42.9767204048773
"70243","Muong Lat","Thanh Hoa",183.391896824161,316.488844379048
"70244","Lac Son","Hoa Binh",19.5792951340719,128.800205993266
"70245","Lac Thuy","Hoa Binh",24.7520190442896,74.5271166978251
"70246","Binh Luc","Ha Nam",5.35903663088259,54.4590616654262
"70247","Quan Hoa","Thanh Hoa",89.3956062537761,200.558550384647
"70248","Thanh Liem","Ha Nam",4.31459598107586,48.5060690899132
"70249","My Loc","Nam Dinh",1.02398892182713,46.6376562095732
"70250","Thai Binh","Thai Binh",0.260409590310886,54.3842125186452
"70251","Yen Thuy","Hoa Binh",27.3799902520482,101.487432309398
"70252","Vu Thu","Thai Binh",1.50999593310414,56.5850319884908
"70253","Nam Dinh","Nam Dinh",0.121249259928638,65.4532241237313
"70254","Kien Xuong","Thai Binh",2.57455697139366,69.7294391610166
"70255","Vu Ban","Nam Dinh",3.28512651124261,64.7842766781402
"70256","Ba Thuoc","Thanh Hoa",38.9965267219006,185.224523767423
"70257","Tien Hai","Thai Binh",5.60509569370987,96.1328847389263
"70258","Nam Truc","Nam Dinh",2.71797812513999,73.94055740683
"70259","Gia Vien","Ninh Binh",6.55072395769392,65.3601071612187
"70260","Y Yen","Nam Dinh",6.02930444848134,66.7183883909854
"70261","Nho Quan","Ninh Binh",15.5625530537978,87.7344984225603
"70262","Xuan Truong","Nam Dinh",2.20116171794488,76.900165668146
"70263","Quan Son","Thanh Hoa",148.920678580881,283.584176887515
"70264","Hoa Lu","Ninh Binh",2.97037328674075,51.3050400169341
"70265","Giao Thuy","Nam Dinh",6.1649720144357,103.781817374524
"70266","Ninh Bình","Ninh Binh",0.460467816542415,61.3504895986492
"70267","Truc Ninh","Nam Dinh",5.12321347825274,81.1699153943001
"70268","Thach Thanh","Thanh Hoa",17.418379229704,116.587499258319
"70269","Cam Thuy","Thanh Hoa",13.3696930318354,139.739283759616
"70270","Yen Khanh","Ninh Binh",5.91179074027637,72.5666116715195
"70271","Tam Diep","Ninh Binh",2.12443403036458,67.8295530163215
"70272","Lang Chanh","Thanh Hoa",64.1077963726037,204.259117287147
"70273","Bach Long Vi","Hai Phong",275.372113619256,NA
"70274","Yen Mo","Ninh Binh",4.70501843199481,76.1951446865603
"70275","Hai Hau","Nam Dinh",5.13405724329555,104.096940740372
"70276","Nghia Hung","Nam Dinh",6.22531717540561,94.4896886704765
"70277","Bim Son","Thanh Hoa",6.56851807677956,77.0174807537487
"70278","Ngoc Lac","Thanh Hoa",17.2661609476052,147.506430640503
"70279","Ha Trung","Thanh Hoa",10.3539851030941,79.3545170525869
"70280","Vinh Loc","Thanh Hoa",8.98156500493404,95.3516786626634
"70281","Kim Son","Ninh Binh",3.67922533705914,94.546951754787
"70282","Yen Dinh","Thanh Hoa",12.992338768866,106.282361545979
"70283","Nga Son","Thanh Hoa",8.8686869102341,98.8881660328985
"70284","Hau Loc","Thanh Hoa",5.61205230727754,84.6923088910544
"70285","Tho Xuan","Thanh Hoa",8.03168008985143,116.970526916638
"70286","Thuong Xuan","Thanh Hoa",70.1183471257784,179.53187961767
"70287","Thieu Hoa","Thanh Hoa",11.5606564905159,91.2279001725462
"70288","Hoang Hoa","Thanh Hoa",8.35641533203106,82.494671104154
"70289","Thanh Hoa","Thanh Hoa",1.46604044725374,76.7668750336721
"70290","Trieu Son","Thanh Hoa",12.3912190018386,99.3382685208878
"70291","Dong Son","Thanh Hoa",4.33428522174844,63.9100191985516
"70292","Sam Son","Thanh Hoa",15.5716452653778,83.7992391228438
"70293","Que Phong","Nghe An",194.281952491248,255.508400039882
"70294","Quang Xuong","Thanh Hoa",9.84652288532748,69.8151468209367
"70295","Nong Cong","Thanh Hoa",11.7317305810872,87.2916005061319
"70296","Nhu Xuan","Thanh Hoa",47.5621676530775,120.43076148363
"70297","Nhu Thanh","Thanh Hoa",20.5839344262939,96.6099987746869
"70298","Quy Chau","Nghe An",124.003129764663,178.880962397146
"70299","Tinh Gia","Thanh Hoa",19.9654270934906,63.0176706036738
"70300","Ky Son","Nghe An",126.931815694453,341.758010483892
"70301","Nghia Dan","Nghe An",24.4698877576317,69.8222666244771
"70302","Quy Hop","Nghe An",56.4502686326067,114.219001478006
"70303","Tuong Duong","Nghe An",183.808656829733,303.279551128053
"70304","Thai Hoa","Nghe An",14.3095374551123,59.8492662637159
"70307","Tan Ky","Nghe An",23.8004377743448,95.3524071149084
"70308","Con Cuong","Nghe An",157.273643717085,210.906985552956
"70309","Yen Thanh","Nghe An",12.3325345991027,44.4902625698323
"70310","Dien Chau","Nghe An",2.58033690056898,25.3888364841954
"70311","Anh Son","Nghe An",41.0758694731481,93.8916189758111
"70312","Do Luong","Nghe An",9.2297371038065,51.9752655806539
"70313","Nghi Loc","Nghe An",9.00978154360021,14.1558447022038
"70314","Cua Lo","Nghe An",3.02217865248583,15.1029816561852
"70315","Thanh Chuong","Nghe An",30.8370971517135,64.3687487159396
"70316","Vinh","Nghe An",0.134656235222242,8.16822228212814
"70317","Hung Nguyen","Nghe An",5.00520962080535,7.49948558971367
"70318","Nam Dan","Nghe An",12.2298364452738,17.0045649958219
"70319","Nghi Xuan","Ha Tinh",8.73664987031203,18.4615333219238
"70320","Hong Linh","Ha Tinh",5.24101715867544,14.5692495031296
"70321","Duc Tho","Ha Tinh",17.6487044430107,28.3833971469347
"70322","Loc Ha","Ha Tinh",11.7411134768847,42.9961598572126
"70323","Huong Son","Ha Tinh",43.2716849238537,88.5934311161201
"70324","Can Loc","Ha Tinh",8.4154675330973,29.1934180923384
"70325","Ha Tinh","Ha Tinh",1.00054224190236,29.9349248481048
"70326","Vu Quang","Ha Tinh",76.7795055052838,109.30059305807
"70327","Thach Ha","Ha Tinh",8.48068602992985,34.0683500261603
"70328","Huong Khe","Ha Tinh",64.7749843865043,92.9473830019941
"70329","Cam Xuyen","Ha Tinh",24.9659319287213,57.9218097368927
"70332","Tuyen Hoa","Quang Binh",78.0833333330468,107.479120289352
"70335","Minh Hoa","Quang Binh",161.064908588272,185.832900311975
"70336","Bo Trach","Quang Binh",50.8224883173089,58.3359226582659
"70337","Dong Hoi","Quang Binh",2.64382473497258,9.86079574403745
"70338","Quang Ninh","Quang Binh",51.9474094875969,60.7481587107615
"70339","Con Co","Quang Tri",99.3200789716817,NA
"70340","Le Thuy","Quang Binh",34.5932488071646,59.1841506466876
"70341","Vinh Linh","Quang Tri",26.9634531719642,54.3164517303289
"70342","Gio Linh","Quang Tri",20.0468453526974,63.7272850578229
"70343","Dong Ha","Quang Tri",1.36245714043028,51.1007652082043
"70344","Cam Lo","Quang Tri",17.3676610086956,66.3620860396376
"70345","Trieu Phong","Quang Tri",9.12411452196301,49.667834923319
"70346","Huong Hoa","Quang Tri",109.824104697525,161.420533629108
"70347","Quang Tri","Quang Tri",4.18179393341561,34.1673139375924
"70348","Hai Lang","Quang Tri",14.5084238353168,44.544647460329
"70349","Quang Dien","Thua Thien - Hue",10.8822466826686,26.8238176542582
"70350","Da Krong","Quang Tri",96.6695427603606,141.921336737072
"70351","Phong Dien","Thua Thien - Hue",51.6433166504832,67.8011206061878
"70352","Hue","Thua Thien - Hue",0.303159703018931,14.8095116882794
"70353","Phu Vang","Thua Thien - Hue",12.3448019475405,18.9656027789814
"70354","Huong Tra","Thua Thien - Hue",10.991044105131,21.6655753259896
"70356","Huong Thuy","Thua Thien - Hue",14.6736607555859,15.9010062856368
"70357","Phu Loc","Thua Thien - Hue",28.9947799915113,29.9464619960969
"70358","A Luoi","Thua Thien - Hue",118.653617750539,124.443266569832
"70359","Lien Chieu","Da Nang",0.398108193335977,4.63779728029762
"70360","Nam Dong","Thua Thien - Hue",118.027816317204,113.386220674194
"70361","Son Tra","Da Nang",0.858788297109859,6.96060006394693
"70362","Hoa Vang","Da Nang",10.7912351105799,17.0187119868986
"70363","Hai Chau","Da Nang",0,2.15390680322574
"70364","Thanh Khe","Da Nang",0,1.0919819876707
"70365","Cam Le","Da Nang",0.268260778507279,3.47058836382347
"70366","Ngu Hanh Son","Da Nang",0.154375880794947,7.0079091798027
"70367","Dong Giang","Quang Nam",95.672691908672,101.872630171861
"70368","Dien Ban","Quang Nam",4.77033432418154,16.8217922771559
"70369","Hoi An","Quang Nam",1.69129765369985,24.1754733249755
"70370","Tay Giang","Quang Nam",180.906980141799,186.926397191911
"70371","Dai Loc","Quang Nam",40.0707447535238,46.5603288814467
"70372","Duy Xuyen","Quang Nam",17.7799623602651,30.0513768702203
"70373","Que Son","Quang Nam",22.0621350264797,33.6567615436061
"70374","Thang Binh","Quang Nam",14.8086630800566,33.1323570329119
"70375","Nong Son","Quang Nam",94.1556022927741,102.307067384116
"70376","Nam Giang","Quang Nam",157.431889529845,163.588539902528
"70377","Tam Ky","Quang Nam",2.4280047756013,23.3955722532518
"70378","Hiep Duc","Quang Nam",63.1530089239128,80.3758872988642
"70379","Phu Ninh","Quang Nam",11.1831099589079,32.8592613799983
"70380","Tien Phuoc","Quang Nam",43.4660543212483,65.194953825177
"70381","Nui Thanh","Quang Nam",14.101128104753,18.3257003572193
"70382","Ly Son","Quang Ngai",91.2706870366995,NA
"70383","Phuoc Son","Quang Nam",155.449588330282,171.098813156378
"70384","Binh Son","Quang Ngai",10.4779475796287,23.2015538837578
"70385","Bac Tra My","Quang Nam",96.0143608116504,116.15675516596
"70386","Tra Bong","Quang Ngai",70.8916201824123,85.7347757856873
"70387","Son Tinh","Quang Ngai",10.8102578023328,29.8599700167418
"70388","Tay Tra","Quang Ngai",116.143367330091,140.964844426588
"70389","Quang Ngai City","Quang Ngai",2.94663284294773,26.5233753911275
"70390","Dak Glei","Kon Tum",181.784459729748,213.097116808446
"70391","Nam Tra My","Quang Nam",211.254496943215,234.739897213736
"70392","Tu Nghia","Quang Ngai",6.83013506845989,31.7209382071763
"70393","Mo Duc","Quang Ngai",11.5784777004015,37.8845944680384
"70394","Son Ha","Quang Ngai",71.6802730936224,98.2650872575366
"70395","Son Tay","Quang Ngai",95.0048867016473,120.357831913031
"70396","Nghia Hanh","Quang Ngai",20.003292765184,45.2852303965612
"70397","Minh Long","Quang Ngai",40.3316935149224,67.2492648706412
"70399","Kon Plong","Kon Tum",113.13423292242,145.152591676079
"70400","Duc Pho","Quang Ngai",19.2950500815382,55.1099202339224
"70401","Ngoc Hoi","Kon Tum",85.7228991246618,120.920037594159
"70402","Ba To","Quang Ngai",75.9222297258923,103.891071211598
"70404","Dak Ha","Kon Tum",42.9983907879328,78.4042336728199
"70405","Kon Ray","Kon Tum",64.8986764273823,99.1651084032934
"70406","An Lao","Binh Dinh",84.1599380080112,126.850801268655
"70407","Hoai Nhon","Binh Dinh",10.5756482055349,67.0838439954137
"70409","Hoai An","Binh Dinh",51.6424809716733,92.1438662617966
"70410","Kon Tum","Kon Tum",5.15687755669368,37.574273124579
"70411","Kbang","Gia Lai",86.0679434783565,153.141771751783
"70412","Phu My","Binh Dinh",28.6767767645145,48.7032704204594
"70413","Vinh Thanh","Binh Dinh",67.8155851342441,107.900253179667
"70414","Chu Pah","Gia Lai",29.335197909844,38.0481507697269
"70416","Dak Doa","Gia Lai",22.2994402580992,36.2723310897816
"70417","Phu Cat","Binh Dinh",23.735810234933,38.2288730025522
"70418","An Khe","Gia Lai",5.81657368303517,74.853028263637
"70419","Ia Grai","Gia Lai",34.9420900334675,43.6486062845222
"70420","Pleiku","Gia Lai",2.20655735562379,9.61285041580324
"70421","Mang Yang","Gia Lai",58.7574121363367,81.3073470015145
"70422","Tay Son","Binh Dinh",28.0171339402191,48.8854440281461
"70423","Dak Po","Gia Lai",14.0818211226,74.0423974238751
"70424","An Nhon","Binh Dinh",5.54825533486147,20.130768460289
"70425","Tuy Phuoc","Binh Dinh",5.68452653059687,15.8914033556169
"70426","Duc Co","Gia Lai",64.792191047385,74.7742580597013
"70427","Kong Chro","Gia Lai",80.5435769964708,153.300061428763
"70428","Quy Nhon","Binh Dinh",5.59983450751401,11.9739381646676
"70430","Van Canh","Binh Dinh",81.6513522707316,96.3276764147371
"70431","Chu Prong","Gia Lai",49.8559668919042,61.6956697244684
"70432","Song Cau","Phu Yen",27.1738747979525,41.5204225856104
"70436","Dong Xuan","Phu Yen",76.1676196206417,90.1858770638117
"70438","Tuy An","Phu Yen",17.1969871435372,31.0825218815506
"70439","Krong Pa","Gia Lai",117.670269736534,134.075348124117
"70440","Ea Hleo","Dak Lak",53.7570934020058,82.51736891462
"70441","Son Hoa","Phu Yen",55.2578824505042,66.2609303145456
"70442","Ea Sup","Dak Lak",114.897326330413,127.64168208117
"70443","Tuy Hoa","Phu Yen",1.94866399586381,10.9873364571692
"70444","Phu Hoa","Phu Yen",11.6802725889341,20.4041952229193
"70446","Krong Nang","Dak Lak",68.353885969612,91.743662365954
"70447","Dong Hoa","Phu Yen",14.7287461089119,16.3494424248247
"70448","Tay Hoa","Phu Yen",52.1251356855774,59.953278981648
"70449","Song Hinh","Phu Yen",85.3688597596859,95.5038344393114
"70450","Cu Mgar","Dak Lak",18.7879789699842,36.0323655131966
"70451","Buon Don","Dak Lak",50.7692621646384,59.2003645076175
"70453","Ea Kar","Dak Lak",65.1278936846817,90.9427545514462
"70454","Van Ninh","Khanh Hoa",26.4634606784263,59.9385283821631
"70455","Mdrak District","Dak Lak",91.7912383538521,114.874409661422
"70456","Krong Pac","Dak Lak",22.7626812392107,49.7000768811375
"70457","Cu Jut","Dak Nong",29.4954780637143,36.9340476446896
"70458","Buon Ma Thuot","Dak Lak",3.20087239362389,9.00799360615337
"70460","Ninh Hoa","Khanh Hoa",22.4768498181675,51.0854647439366
"70461","Dak Mil","Dak Nong",9.93989699679571,43.6854511836181
"70463","Krong Bong","Dak Lak",46.2739049861345,90.4685372629261
"70464","Krong No","Dak Nong",48.195786358961,58.0101963870571
"70465","Lak","Dak Lak",82.4551252857553,91.7270745410795
"70466","Khanh Vinh","Khanh Hoa",93.3505696711809,114.398333385238
"70467","Dien Khanh","Khanh Hoa",8.0835073179581,25.4101160797729
"70468","Nha Trang","Khanh Hoa",2.81621764904045,8.72146200473235
"70469","Dak Song","Dak Nong",26.3336180753422,62.1422471060388
"70470","Lac Duong","Lam Dong",51.4768670663481,74.7229250536388
"70471","Tuy Duc","Dak Nong",65.4370945803081,116.026746167758
"70472","Cam Lam","Khanh Hoa",18.4748999218084,23.0975559157452
"70474","Dam Rong","Lam Dong",66.4801439321342,89.4567712991767
"70475","Khanh Son","Khanh Hoa",88.4229892506836,100.06936955326
"70476","Dak Glong","Dak Nong",78.7160327206864,107.478953098085
"70477","Gia Nghia","Dak Nong",34.9785941473743,71.9942131269985
"70478","Bu Dop","Binh Phuoc",44.7239540917404,152.320617865586
"70479","Bac Ai","Ninh Thuan",83.7946205841264,100.63570988133
"70480","Da Lat","Lam Dong",3.76010468902814,26.4340136200739
"70481","Dak Rlap","Dak Nong",30.4106608441456,91.8227300971023
"70482","Cam Ranh","Khanh Hoa",8.25448673389365,14.8229395297026
"70483","Lam Ha","Lam Dong",17.9769883060451,36.922287480018
"70485","Loc Ninh","Binh Phuoc",73.4357054651027,117.671521312419
"70486","Don Duong","Lam Dong",29.9642407359745,33.9912486735205
"70487","Bu Dang","Binh Phuoc",23.8256373674851,118.389653813526
"70488","Thuan Bac","Ninh Thuan",21.3724931140252,38.8676804975069
"70490","Ninh Son","Ninh Thuan",36.7878183233555,66.3312489325656
"70491","Duc Trong","Lam Dong",11.0641839760067,15.1497580614298
"70492","Ninh Hai","Ninh Thuan",11.1737110626173,40.5051496560892
"70494","Cat Tien","Lam Dong",55.5036792564479,116.683742136606
"70495","Bao Lam","Lam Dong",36.7134303483584,77.2144524087015
"70497","Phan Rang-Thap Cham","Ninh Thuan",0.606509617579576,34.3091942659536
"70498","Tan Bien","Tay Ninh",45.2824264066773,126.778249444671
"70499","Tan Chau","Tay Ninh",58.5696259224405,133.385546728721
"70500","Da Teh","Lam Dong",43.272334745225,102.651596537081
"70502","Bao Loc","Lam Dong",2.50908509364118,47.6784873824359
"70503","Di Linh","Lam Dong",27.5162586675714,52.9627971129436
"70504","Dong Xoai","Binh Phuoc",2.46593833956915,76.380673502162
"70506","Dong Phu","Binh Phuoc",11.0532403042228,83.1721591631297
"70507","Da Huoai","Lam Dong",24.0504867317242,74.4935770355582
"70509","Tan Phu","Dong Nai",25.0975286292767,91.022647963073
"70510","Tay Ninh","Tay Ninh",2.05898488781017,73.1100763916241
"70511","Tuy Phong","Binh Thuan",23.2728973700534,104.525613943937
"70512","Phu Giao","Binh Duong",22.0358400463598,75.2662437220387
"70513","Duong Minh Chau","Tay Ninh",14.6553913656309,71.4334758587887
"70514","Dau Tieng","Binh Duong",20.9795331958321,70.1695525325446
"70515","Chau Thanh","Tay Ninh",10.8777429933682,83.7046099008912
"70517","Bac Binh","Binh Thuan",29.2609646402491,101.850333522428
"70518","Hoa Thanh","Tay Ninh",1.38215382294169,64.6064600297826
"70519","Vinh Cuu","Dong Nai",20.0695002034921,48.4528687223599
"70520","Dinh Quan","Dong Nai",19.5549737803262,72.5970940867973
"70521","Duc Linh","Binh Thuan",37.7660878473999,96.2052901686869
"70522","Go Dau","Tay Ninh",8.07378950298301,42.897268653758
"70523","Ham Thuan Bac","Binh Thuan",20.5045668621415,100.975355462004
"70524","Tanh Linh","Binh Thuan",72.6741733912843,124.695941247288
"70527","Ben Cau","Tay Ninh",12.9596670021073,47.4933524278912
"70528","Trang Bang","Tay Ninh",8.06267891698327,36.357641380646
"70530","Cu Chi","TP. Ho Chi Minh",3.89335536086982,25.7097581597367
"70531","Thu Dau Mot","Binh Duong",0.106639171115,24.8727082180012
"70532","Trang Bom","Dong Nai",3.6492713009803,32.7440330256915
"70533","Thong Nhat","Dong Nai",4.61422256655187,42.9799520488386
"70534","Long Khanh","Dong Nai",3.18078595367746,47.2723195339859
"70535","Ham Thuan Nam","Binh Thuan",24.0969143918001,109.40642827662
"70536","Thuan An","Binh Duong",0,16.4779700442145
"70537","Xuan Loc","Dong Nai",18.4894654054769,64.8978517252276
"70538","Di An","Binh Duong",0,13.026939506563
"70539","Bien Hoa","Dong Nai",0.154562016201446,23.0618117090495
"70540","Phan Thiet","Binh Thuan",8.72019957120511,110.543278600948
"70541","Duc Hoa","Long An",7.78668400227118,34.0332458361476
"70542","Vinh Hung","Long An",78.016958501333,145.626298267381
"70543","Tan Hong","Dong Thap",16.6238720115424,158.841756324494
"70544","Hoc Mon","TP. Ho Chi Minh",0.180969979923603,10.7447057293677
"70545","Duc Hue","Long An",33.8251565047062,63.7068879093378
"70546","Quan 12","TP. Ho Chi Minh",0,5.53156976444361
"70547","Thu Duc","TP. Ho Chi Minh",0,8.93235257802159
"70548","An Phu","An Giang",34.1806791108292,162.729239555745
"70549","Go Vap","TP. Ho Chi Minh",0,4.13024186354586
"70550","Quan 9","TP. Ho Chi Minh",0.392649852829453,11.6268030234641
"70552","Tan Hung","Long An",45.3929672995661,138.948456532
"70553","Tan Chau","An Giang",7.65123389485751,138.029334893997
"70554","Binh Thanh","TP. Ho Chi Minh",0,4.16577936077231
"70558","Phu Nhuan","TP. Ho Chi Minh",0,1.27960097793943
"70560","Cam My","Dong Nai",16.1911578295406,58.6156820541926
"70561","Quan 2","TP. Ho Chi Minh",0.0313026914406546,6.29567731739361
"70562","Quan 3","TP. Ho Chi Minh",0,2.06210181182611
"70563","Quan 1","TP. Ho Chi Minh",0,2.61774534203563
"70564","Quan 10","TP. Ho Chi Minh",0,3.288309667095
"70566","Quan 11","TP. Ho Chi Minh",0,3.36605006336833
"70567","Quan 4","TP. Ho Chi Minh",0,4.7712090144189
"70568","Long Thanh","Dong Nai",4.15849079346688,27.9955356659798
"70570","Quan 5","TP. Ho Chi Minh",0,3.37634755776164
"70572","Quan 6","TP. Ho Chi Minh",0,4.61292682761668
"70573","Ham Tan","Binh Thuan",26.1012894864635,89.4438544453559
"70574","Quan 7","TP. Ho Chi Minh",0.0163892882223574,7.03438586951371
"70575","Tam Nong","Dong Thap",11.1525695305553,117.94107820195
"70576","Quan 8","TP. Ho Chi Minh",0,5.5859767890905
"70577","La Gi","Binh Thuan",7.30645840339213,97.1918373281133
"70578","Ben Luc","Long An",3.97456137181067,24.1151102563143
"70579","Thanh Hoa","Long An",36.8235779647732,67.8627139338899
"70580","Chau Doc","An Giang",3.4265329843773,120.776269849975
"70581","Thu Thua","Long An",5.90283540749283,32.2470732144967
"70582","Chau Duc","Ba Ria - Vung Tau",7.44634969716869,62.066573320069
"70583","Phu Tan","An Giang",3.65824046829074,99.6966880513308
"70584","Nhon Trach","Dong Nai",9.05445859314866,31.8012013161959
"70585","Nha Be","TP. Ho Chi Minh",2.95396420013446,15.3744999798857
"70586","Xuyen Moc","Ba Ria - Vung Tau",26.6152622670466,81.3968236193845
"70587","Tan Thanh","Long An",40.1930980417363,84.2755517773923
"70588","Thanh Binh","Dong Thap",7.36005685309267,91.7463541207773
"70589","Phu My","Ba Ria - Vung Tau",5.14322528960587,40.0619443677073
"70590","Can Giuoc","Long An",5.92599690361473,26.5156209248251
"70591","Chau Phu","An Giang",8.98323299618676,106.24888270799
"70592","Thap Muoi","Dong Thap",29.3040746930773,78.2705762271531
"70593","Tinh Bien","An Giang",12.183623246496,119.107999795734
"70594","Can Duoc","Long An",9.72395178377986,27.9116259428301
"70595","Tan Tru","Long An",8.09483871142168,30.0710249351977
"70596","Phu Quy","Binh Thuan",259.95728191575,NA
"70597","Tan An","Long An",0.677170910248046,30.2582008965549
"70598","Can Gio","TP. Ho Chi Minh",42.6955781316221,66.5702596437948
"70599","Tan Phuoc","Tien Giang",11.4701240545021,44.0748380530036
"70600","Ba Ria","Ba Ria - Vung Tau",1.1724072127094,43.5200202252256
"70601","Huyen Cao Lanh","Dong Thap",8.98983455826747,60.5342903880481
"70603","Chau Thanh","Long An",3.9870503931249,27.8446538508187
"70604","Thi Xa Cao Lanh","Dong Thap",1.5732904041883,67.7334380432931
"70605","Cho Moi","An Giang",4.64457705387375,77.9061551972757
"70608","Chau Thanh","An Giang",8.30606577219398,85.737944063974
"70610","Chau Thanh","Tien Giang",2.70334790466419,41.3152169318261
"70611","Tri Ton","An Giang",25.7013632435044,96.1160426804611
"70612","Go Cong","Tien Giang",3.01638466303979,10.7904947602543
"70613","Cai Be","Tien Giang",6.92321088116025,41.6510785047567
"70615","Vung Tau","Ba Ria - Vung Tau",1.42813963818659,56.6878576552672
"70616","Cho Gao","Tien Giang",3.5079870703173,29.1020267578002
"70617","Go Cong Dong","Tien Giang",11.7913650660442,24.4575517427516
"70618","Long Xuyen","An Giang",0.939122940476893,64.8489200765502
"70619","My Tho","Tien Giang",0.379642342743076,38.6489981061233
"70620","Ha Tien","Kien Giang",48.0389332545833,103.321509946407
"70621","Lap Vo","Dong Thap",5.19841678472289,53.1550425635108
"70622","Go Cong Tay","Tien Giang",6.68662184373548,11.9739850833252
"70623","Sa Dec","Dong Thap",0.82848953724568,44.6651627865065
"70624","Chau Thanh","Ben Tre",8.11679091406317,49.3655958289109
"70625","Thoai Son","An Giang",11.6008786196536,78.5152423910661
"70626","Vinh Long","Vinh Long",0.527066749031595,22.8723120370914
"70627","Tan Phu Dong","Tien Giang",18.4913523394696,29.3106303333628
"70628","Lai Vung","Dong Thap",4.4612824251889,38.5230770868758
"70629","Thot Not","Can Tho",1.95347525377944,42.000432208612
"70630","Hon Dat","Kien Giang",36.0779780174193,42.6558121399003
"70631","Ben Tre","Ben Tre",1.12661122674043,51.2024692306069
"70632","Long Ho","Vinh Long",2.4033576315544,22.5905948392089
"70633","Cho Lach","Ben Tre",7.35310419145476,50.1615484271724
"70634","Chau Thanh","Dong Thap",5.37238500992435,35.43667812191
"70635","Vinh Thanh","Can Tho",10.2935300048358,60.4463741630415
"70637","Mang Thit","Vinh Long",9.28448141703247,38.9668123321376
"70638","Binh Dai","Ben Tre",27.4506171182089,50.914488591078
"70640","Giong Trom","Ben Tre",10.4471247121883,64.5988658323322
"70641","Co Do","Can Tho",7.54437078079417,58.4853440191857
"70644","Tan Hiep","Kien Giang",15.0351135851147,50.4858110237579
"70646","Ba Tri","Ben Tre",10.6213936882473,78.5782668534882
"70647","Tam Binh","Vinh Long",9.09041776608969,26.385041291022
"70648","Binh Thuy","Can Tho",0.649080034846908,5.95070572279772
"70649","Vung Liem","Vinh Long",9.34019660327603,56.206650134101
"70651","Ninh Kieu","Can Tho",0.0197394665986731,3.77604271013155
"70652","Rach Gia","Kien Giang",1.30421966924217,16.3080443767739
"70654","Cai Rang","Can Tho",0.614286771086537,6.31216880485687
"70655","Phong Dien","Can Tho",3.56932459770734,18.4702725073177
"70656","Tra On","Vinh Long",11.7447034146186,34.4129534084042
"70657","Cang Long","Tra Vinh",13.3187948857292,72.8833691207919
"70658","Chau Thanh","Kien Giang",4.90595049136048,29.4074973935391
"70659","Tra Vinh","Tra Vinh",1.15216329508509,80.7569286314962
"70660","Giong Rieng","Kien Giang",22.0064122401643,70.8462221069143
"70661","Thanh Phu","Ben Tre",14.6119968881271,116.234467584751
"70662","Chau Thanh A","Hau Giang",8.93438870642482,19.8689988996051
"70663","Chau Thanh","Hau Giang",7.97043835664701,17.132340641882
"70664","Chau Thanh","Tra Vinh",6.28518227615131,80.6195761999581
"70665","Cau Ke","Tra Vinh",9.32072163392454,52.444341917426
"70666","Phu Quoc","Kien Giang",134.080698193945,22.8516790259167
"70667","An Bien","Kien Giang",24.1585165976171,54.0201620920927
"70668","Ke Sach","Soc Trang",24.3194123393693,43.6908607491234
"70669","Nga Bay","Hau Giang",10.0517972789283,21.8497507595342
"70670","Tieu Can","Tra Vinh",7.6991856332757,74.9857714946472
"70671","Kien Hai","Kien Giang",94.5288784859435,NA
"70672","Vi Thuy","Hau Giang",19.060919393977,44.8469499223876
"70673","Phung Hiep","Hau Giang",17.3423802662703,32.1155960099819
"70674","Cau Ngang","Tra Vinh",26.5260487595256,117.760883070535
"70675","Vi Thanh","Hau Giang",23.3576807964039,50.6677673619243
"70676","Go Quao","Kien Giang",28.8434062064121,62.0001628382188
"70677","Tra Cu","Tra Vinh",11.7174783173739,102.614784438324
"70680","An Minh","Kien Giang",64.4391502847951,96.7716753036639
"70682","Long Phu","Soc Trang",18.2074261097046,56.8101371405971
"70684","Cu Lao Dung","Soc Trang",27.4364769416962,83.0696997002221
"70685","U Minh Thuong","Kien Giang",34.5311195253053,80.2974203555957
"70688","Soc Trang","Soc Trang",0.903685690001502,39.3419171103997
"70689","Vinh Thuan","Kien Giang",12.390362931805,63.4559131839839
"70691","Hong Dan","Bac Lieu",14.3563026756622,75.8837940209349
"70692","Tran De","Soc Trang",10.7520135963799,72.1353679349926
"70693","My Xuyen","Soc Trang",8.5105559376025,50.1598076360458
"70695","Phuoc Long","Bac Lieu",14.9846520181789,59.7653580997865
"70696","Thoi Binh","Ca Mau",15.3852583120218,35.4608939697036
"70697","U Minh","Ca Mau",47.1043305283185,70.8830973307002
"70699","Vinh Chau","Soc Trang",10.7275620065456,76.4869447660925
"70701","Bac Lieu","Bac Lieu",4.31594034123839,44.3188352867735
"70702","Gia Rai","Bac Lieu",9.33329400348313,23.5760829868428
"70704","Ca Mau","Ca Mau",2.93244165355464,6.65571726244917
"70705","Dong Hai","Bac Lieu",16.5793586773694,35.4239164147665
"70706","Tran Van Thoi","Ca Mau",23.5214974835866,50.9631595768461
"70708","Dam Doi","Ca Mau",25.8322465357883,64.3606691949168
"70711","Con Dao","Ba Ria - Vung Tau",286.02848727032,NA
"70452_70445","BuonHo_KrongBuk","Dak Lak",45.9465926738752,67.3214568077932
"70459_70462","CuKuin_KrongANa","Dak Lak",25.7253247961084,32.079758989866
"70434_70429","ChuPuh_ChuSe","Gia Lai",20.774651122452,47.725204059068
"70687_70679","DuyenHai","Tra Vinh",39.753767789005,133.7892591829
"70614_70609","CaiLay","Tien Giang",6.71379958927785,52.8136274519575
"70683_70678","LongMy","Hau Giang",11.7812904789322,61.0773905375994
"70569_70557","MocHoa_KienTuong","Long An",66.6788813678083,111.638794843447
"70555_70559","TanBinh_TanPhu","TP. Ho Chi Minh",0,3.16261404223197
"70571_70565","BinhChanh_BinhTan","TP. Ho Chi Minh",0.216315616668981,10.6345363554633
"70473_70484_70489","PhuocLong_BuGiaMap_PhuRieng","Binh Phuoc",25.4456631974058,135.521647624209
"70415_70408","SaThay_IaHDrai","Kon Tum",89.665317749147,117.853433006329
"70639_70645","MoCay","Ben Tre",8.73377776372699,76.0769182049898
"70606_70602","LongDien_DatDo","Ba Ria - Vung Tau",3.9800527441134,54.3326002309299
"70707_70709","CaiNuoc_Phutan","Ca Mau",13.6732895848715,42.2942711944616
"70712_70710","NgocHien_NamCan","Ca Mau",54.7045382303074,80.4608010856067
"70643_70653","OMon_ThoiLai","Can Tho",12.3105293771145,37.5356080315558
"70556_70551","HongNgu","Dong Thap",6.66781631983256,133.793427520204
"70636_70607","KienLuong_GiangThanh","Kien Giang",37.0412652202378,94.1351269418378
"70690_70694","NgaNam_ThanhTri","Soc Trang",10.5957195735658,63.1221155779984
"70681_70686","ChauThanh_MyTu","Soc Trang",15.0962831330821,47.4268862866514
"70650_70642","BinhMinh_BinhTan","Vinh Long",3.87257153681862,13.3785177449246
"70403_70398","DakTo_TuMoRong","Kon Tum",93.218315274198,127.959743270655
"70437_70433_70435","AyunPa_IaPa_PhuThien","Gia Lai",73.5617649353865,104.069242228183
"70505_70493_70496","ChonThanh_BinhLong_HonQuan","Binh Phuoc",37.8622927243599,79.5513909342316
"70516_70526","BauBang_BenCat","Binh Duong",5.89708476584289,39.9051895712214
"70525_70529","TanUyen","Binh Duong",6.56639510252,38.5924536636392
"70700_70703","VinhLoi_HoaBinh","Bac Lieu",9.79508091851212,42.1318387787841
"70042_70061_70068","MuongNhe_MuongCha_NamPo","Dien Bien",236.336801717951,290.989695608277
"70026_70030_70047","LamBinh_NaHang_ChiemHoa","Tuyen Quang",63.2557119090381,224.373470599384
"70029_70043_70044","MuongTe_NamNhun_SinHo","Lai Chau",164.173851497562,295.039244102775
"70201_70212","MocChau_VanHo","Son La",41.7304952196247,200.653857864119
"70305_70306","HoangMai_QuynhLuu","Nghe An",8.34549655025225,44.9666384927561
"70330_70331","KyAnh_KyAnhTown","Ha Tinh",42.6901235330789,68.2585690249968
"70334_70333","BaDon_QuangTrach","Quang Binh",15.4229796129875,40.7836161486649
"70501_70508","NinhPhuoc_ThuanNam","Ninh Thuan",20.3245985612879,53.3719599551367
