"value","mean","sd","lower","median","upper","mode","kld","group","effect","region"
0.0146559062970732,0.295434038324213,1.12281841058072,0.233347890458245,0.296271923796684,0.368120647500802,0.297910392515745,1.59000701408201e-06,1,"flushany_g","Southern"
0.0378838245287082,0.33086206583655,1.09659993848138,0.274927011865713,0.331326245736819,0.395048767129568,0.332264108738916,1.2730744827059e-06,1,"flushany_g","Southern"
0.0634119422307432,0.374730205111874,1.07484109066832,0.324754992689114,0.374911830786865,0.431187909601982,0.375282481189853,7.90047180484967e-07,1,"flushany_g","Southern"
0.0882049043294852,0.420778836620569,1.06118218970152,0.374177424470028,0.420887457192774,0.472455938170682,0.421106011816709,6.10376165874582e-07,1,"flushany_g","Southern"
0.112323199707696,0.469367361129122,1.05322293339267,0.423655017176277,0.469462984706075,0.519368626032616,0.469651296288799,5.66052585113233e-07,1,"flushany_g","Southern"
0.137182693885438,0.523596281347912,1.04873499144885,0.476855885242033,0.523593349135434,0.574884412761881,0.523593285314529,4.80456019801058e-07,1,"flushany_g","Southern"
0.163182256139683,0.584401093505967,1.0468364863594,0.534854555292913,0.584125753631821,0.640294397010352,0.583609492424244,3.48350406510425e-07,1,"flushany_g","Southern"
0.188690922700647,0.643756484596827,1.04652804051889,0.590268086102746,0.643151840658627,0.705959010718234,0.641969677389819,7.70148465728028e-07,1,"flushany_g","Southern"
0.212149061662198,0.694109136690114,1.0462732849691,0.637129758949255,0.693279860239634,0.76134668855123,0.691611702333688,1.40227549300456e-06,1,"flushany_g","Southern"
0.238665702798463,0.742200418818453,1.04485288604925,0.682985608738954,0.741361832908323,0.811764367682819,0.73967571293771,1.47094016747225e-06,1,"flushany_g","Southern"
0.261478290612874,0.774895786335729,1.04281344232737,0.715320334143893,0.774240936234568,0.843587724561151,0.77295615372972,1.02397984533243e-06,1,"flushany_g","Southern"
0.287747637886898,0.804298658188409,1.04061102115683,0.74481588159222,0.803912284686759,0.87098653926269,0.803175108366206,7.41732456952578e-07,1,"flushany_g","Southern"
0.313379089471568,0.826843237178451,1.03913774811586,0.767043830176399,0.826720164745883,0.891970861208735,0.826482472993072,8.35088516472392e-07,1,"flushany_g","Southern"
0.339885440219551,0.848213679615038,1.03822041851767,0.787744273981105,0.848260542910412,0.912949711539829,0.848339893101474,7.04122465313307e-07,1,"flushany_g","Southern"
0.364,0.866234958147776,1.0376498886624,0.80507913168167,0.866379955836152,0.931066159652386,0.866643964254357,4.65346749621004e-07,1,"flushany_g","Southern"
0.388139374898837,0.883326914285839,1.03730844309687,0.821309405745554,0.883541611202471,0.948636560565298,0.883937389194753,2.61271817425816e-07,1,"flushany_g","Southern"
0.41144822984216,0.900273975917729,1.03717740607763,0.837209200237438,0.900514419066745,0.966541943069276,0.900958407464144,1.14365546263539e-07,1,"flushany_g","Southern"
0.436740492516488,0.920918864063101,1.03703722577043,0.856836950272001,0.921090515196661,0.988664272065547,0.921407764211539,5.36930469668555e-08,1,"flushany_g","Southern"
0.461275689708692,0.942602925434771,1.03693751970153,0.87750844674525,0.942659461364372,1.01209966599151,0.942766029747088,2.07021422926048e-07,1,"flushany_g","Southern"
0.487097193701756,0.967317457419776,1.03695828682377,0.900918606793715,0.967218567051976,1.03913490272132,0.967040720043617,6.06569635048252e-07,1,"flushany_g","Southern"
0.511396717375616,0.990107669763152,1.03703743052348,0.922184528102357,0.989941863431212,1.06396710607745,0.989640690824383,8.83294615711057e-07,1,"flushany_g","Southern"
0.538304192872118,1.01496352566294,1.03702349968173,0.945236687443864,1.01483660440501,1.09052400557917,1.01460499953858,8.74563614561481e-07,1,"flushany_g","Southern"
0.561646630087627,1.0363484413497,1.03696509340039,0.964812930540639,1.03637705027249,1.11291761136064,1.0364267701668,5.5822754563685e-07,1,"flushany_g","Southern"
0.58897694593358,1.06488565306414,1.03696667336695,0.990804393072591,1.06512019470055,1.14297005599437,1.06554392756228,2.45978080048602e-07,1,"flushany_g","Southern"
0.611932341298912,1.09750278562621,1.0368917299756,1.0213577054783,1.09772487292958,1.17786232253293,1.09812551245543,2.34332143361519e-07,1,"flushany_g","Southern"
0.637541127194803,1.1418088875363,1.03686672301038,1.06298714505198,1.14191818379784,1.22569822912808,1.1421115265761,3.15931372407528e-07,1,"flushany_g","Southern"
0.661391216668653,1.1907603975963,1.03705378771851,1.1086823745905,1.190691923119,1.27922262692505,1.19055934282033,5.16310882627455e-07,1,"flushany_g","Southern"
0.686810764582176,1.2495946007315,1.03749767071938,1.16300231165747,1.24933871563202,1.34409929564217,1.24886226983606,7.88900676430593e-07,1,"flushany_g","Southern"
0.71308672644633,1.32010762715154,1.03815318507681,1.2278113515287,1.31958883339363,1.4225965294515,1.31862415602279,1.34684211109296e-06,1,"flushany_g","Southern"
0.738348587650557,1.39200637835919,1.03860279673457,1.29366008979621,1.3914357847617,1.50141686600319,1.39037141887861,1.51017744500745e-06,1,"flushany_g","Southern"
0.763998979721974,1.46825221057536,1.03880683425466,1.36329461027674,1.46790839944956,1.58329491187636,1.46726808822145,1.08117356683189e-06,1,"flushany_g","Southern"
0.78660195767689,1.54275731393264,1.03935391676569,1.43022390047955,1.54267962173073,1.66448977417771,1.54253576306102,6.28613284917731e-07,1,"flushany_g","Southern"
0.813399809225301,1.64511634609809,1.04068766392899,1.52040347839265,1.64535615993577,1.7784474845419,1.64580842785722,2.3762010247717e-07,1,"flushany_g","Southern"
0.838,1.76126361692373,1.0423182151851,1.62242513134158,1.76164571358269,1.90948828463676,1.76237349473067,1.08820180980837e-07,1,"flushany_g","Southern"
0.863902736163128,1.91192701419222,1.04443380746368,1.75436768824169,1.91229429179989,2.08120655395132,1.91299864983268,5.15781142755302e-08,1,"flushany_g","Southern"
0.889001019163922,2.0918690967731,1.04713340233513,1.91040444943919,2.09205141264442,2.28924090488178,2.0924028171381,3.53488179117046e-08,1,"flushany_g","Southern"
0.912000063517479,2.28926198182069,1.05071787491113,2.07744962823594,2.28919494718787,2.52284849595231,2.28906973093176,4.34911001431697e-08,1,"flushany_g","Southern"
0.938002004827413,2.54797817307282,1.05693121251198,2.28614917504099,2.54771522343736,2.84114888591832,2.54720966817102,3.49853500724705e-08,1,"flushany_g","Southern"
0.963557745733541,2.84520902161325,1.06681445131707,2.50723162333157,2.84467494908434,3.23175136336388,2.84362517457666,6.41879416563425e-08,1,"flushany_g","Southern"
0.993399549215134,3.25442019876075,1.08601909968464,2.77307234276443,3.25217473548328,3.83394458200189,3.2477189410515,2.1869962603483e-07,1,"flushany_g","Southern"
0.00694496225514637,0.537047680248577,1.07540201850845,0.465229931623423,0.537198742870997,0.618932401152844,0.537513795762092,1.2095643933722e-05,1,"water_g","Southern"
0.0369419676209368,0.655773111750449,1.05733360619261,0.587632854622449,0.655826752400132,0.731417740216848,0.655938216996984,4.41460282610741e-06,1,"water_g","Southern"
0.0617051413762699,0.768890544869893,1.0511028433081,0.697199923358354,0.768890282523544,0.84787443392801,0.768893111323253,1.82508958204106e-07,1,"water_g","Southern"
0.088,0.894563181878827,1.04871124202349,0.815136923331375,0.894431393113553,0.982434723963376,0.894171558025236,2.37790819242366e-06,1,"water_g","Southern"
0.111537455642272,1.0058167166644,1.04779130440414,0.918435175950943,1.00554387062293,1.10309450782311,1.00499373465035,7.44541235932859e-06,1,"water_g","Southern"
0.137601840850138,1.11421445595518,1.04678491317415,1.01954368558179,1.11383931110442,1.21992250461104,1.1130737936797,1.15211862622222e-05,1,"water_g","Southern"
0.162677378872791,1.19247709601211,1.0452927981451,1.09411664194528,1.19210984953119,1.3018617566347,1.19136513262391,1.02586617148946e-05,1,"water_g","Southern"
0.187899521528461,1.24037802621623,1.04356569481382,1.14136129587107,1.24013808486775,1.34930755905881,1.23966044372748,5.02895804924552e-06,1,"water_g","Southern"
0.21344955396967,1.26587420387618,1.04221958546241,1.1672985445661,1.26579980888891,1.37309720585435,1.26565326202966,1.45603825608682e-06,1,"water_g","Southern"
0.237205462124479,1.27785617511882,1.04153907275786,1.1795858563968,1.27787875997072,1.38405400296475,1.27792377437679,6.36973972778824e-07,1,"water_g","Southern"
0.261601625355546,1.27918812004371,1.04117117071255,1.18148569951464,1.27926386512242,1.38439528358643,1.27941544729708,6.70337354264565e-07,1,"water_g","Southern"
0.286857995159658,1.26883292170669,1.04102073205072,1.17214196350816,1.26894818813816,1.37269307733452,1.26917938459114,9.83620209221465e-07,1,"water_g","Southern"
0.309999171796556,1.25287086674536,1.04105526326529,1.15729259090507,1.25299364341446,1.35549365438337,1.2532410389194,1.20142172738337e-06,1,"water_g","Southern"
0.337599119574991,1.2243833278527,1.04121741706073,1.13053975470946,1.2245361572198,1.32499037405107,1.22484250615841,1.58672682933796e-06,1,"water_g","Southern"
0.362753419160006,1.19429482164602,1.0412888211431,1.10254747041195,1.19446635394283,1.29254091443644,1.19480826855503,1.83945964264784e-06,1,"water_g","Southern"
0.388981631293542,1.16491732388156,1.04136396596137,1.07537879175357,1.16504435448899,1.26104137207838,1.16529780017744,1.44336155785311e-06,1,"water_g","Southern"
0.412488963825874,1.14050013423504,1.04142161518959,1.05294830791133,1.14054020672511,1.23498316520614,1.14062331902605,9.42293445135736e-07,1,"water_g","Southern"
0.438853351504258,1.11355875223055,1.04146737217169,1.02830839036388,1.11347950372003,1.20624573891984,1.11332976309332,9.37023219110616e-07,1,"water_g","Southern"
0.462023558860417,1.08665572909637,1.04152111998878,1.0035473552458,1.08651162865648,1.17740771477896,1.0862348478692,1.31925665484105e-06,1,"water_g","Southern"
0.486938153712178,1.05246667966035,1.04157083521197,0.971875526987177,1.05232928905735,1.14046410674706,1.05206486444937,1.34072279778041e-06,1,"water_g","Southern"
0.511886106431514,1.01503017707892,1.04151840401435,0.937228526551593,1.01495974291758,1.09961458971034,1.01482528913967,9.67089276204152e-07,1,"water_g","Southern"
0.538871481067904,0.976998374854081,1.04151695291092,0.901941399995882,0.976994359079092,1.0582309004419,0.976989379617746,8.06035361314089e-07,1,"water_g","Southern"
0.560013327529558,0.95145392352939,1.04168771587984,0.878000767641176,0.951477437675993,1.0308190918594,0.951526636992397,8.67994910962416e-07,1,"water_g","Southern"
0.586494777959674,0.925603462224713,1.04196200486174,0.853690162943612,0.925630620985545,1.0033226888364,0.925688235219563,9.54402188315534e-07,1,"water_g","Southern"
0.614393687295682,0.904910606067385,1.04187927160912,0.834757062630875,0.904930301911372,0.98075747090032,0.904975062928807,9.74555307756315e-07,1,"water_g","Southern"
0.634993291567639,0.891962129473824,1.04177979468777,0.822901737333715,0.89200669857836,0.966469817313558,0.892100788148539,1.18360068989564e-06,1,"water_g","Southern"
0.661823352059609,0.877908750203952,1.04174807631207,0.809780277507889,0.878030494349137,0.950962654490645,0.878276375087004,2.24446791971273e-06,1,"water_g","Southern"
0.688402814738997,0.871422057136539,1.04177130712371,0.803572779246259,0.871616684428891,0.943763718195317,0.872008081418954,3.94112620192492e-06,1,"water_g","Southern"
0.712097590963672,0.873988575389277,1.04185969450202,0.805709074286761,0.874222553240445,0.946586731901021,0.874693818834222,5.07005819321349e-06,1,"water_g","Southern"
0.736845452887956,0.886650685754214,1.04200706745763,0.817165223251584,0.886884627009407,0.960574387720139,0.887354993225774,4.67124677528292e-06,1,"water_g","Southern"
0.761248536024421,0.907855148373829,1.04211788260787,0.836649253226236,0.908050311174616,0.983874600063421,0.908440670763093,3.07055944584478e-06,1,"water_g","Southern"
0.787016054695652,0.93897747932494,1.04228279950988,0.865322890982056,0.939081362981973,1.01819081212057,0.939288674752262,1.02184201232789e-06,1,"water_g","Southern"
0.813,0.97578942874645,1.042710135531,0.898900287089945,0.975759763636388,1.05934009554654,0.975703862270386,7.46493827549527e-07,1,"water_g","Southern"
0.837658085420741,1.00780184727,1.04336290309006,0.927579137739421,1.00765341046507,1.09575946390824,1.00736171156008,3.04925298138332e-06,1,"water_g","Southern"
0.864002074297567,1.03083538190661,1.04393897750979,0.947956351570717,1.03061292453563,1.12221124676685,1.0301693158037,6.46706762347373e-06,1,"water_g","Southern"
0.888925426718342,1.03498394637229,1.04418643902784,0.951316639091481,1.03476805933022,1.12721185711475,1.03433525348761,7.62464764421689e-06,1,"water_g","Southern"
0.913453424673479,1.0193162363926,1.04444902456815,0.936277701076487,1.01916908506288,1.11051019316408,1.01887653199329,5.26717473742757e-06,1,"water_g","Southern"
0.9383907979079,0.981958769769488,1.04587297324249,0.89928409398587,0.981917359348722,1.07239138898236,0.981838311048331,8.80055852666057e-07,1,"water_g","Southern"
0.960648498945126,0.941261723123216,1.05019673456007,0.854910348011683,0.941277501231844,1.03614578699599,0.941312915517009,2.01631836978361e-07,1,"water_g","Southern"
0.9973,0.868967085641989,1.06771614746775,0.763741195426144,0.86908814247221,0.987822919826139,0.869338337077452,3.65186814317817e-06,1,"water_g","Southern"
14.9782225,0.0525382667820271,1.58806388612826,0.0207163727701198,0.0528881680196925,0.128278564622208,0.053564516339529,6.86606477813035e-06,1,"tmean_1m_g","Southern"
15.56979,0.0705095173922704,1.42922692548894,0.0344496285403878,0.0708259294682348,0.140658771674201,0.0714412890214144,6.08667583422374e-06,1,"tmean_1m_g","Southern"
16.196775,0.0962211188445735,1.29483804876445,0.0574651944150398,0.0964556044364247,0.158864008480901,0.096915486944448,4.68878560446167e-06,1,"tmean_1m_g","Southern"
16.808365,0.129940733036573,1.19506999866351,0.0912973252166922,0.130057563831914,0.183950885788367,0.130288952488065,2.55052826321532e-06,1,"tmean_1m_g","Southern"
17.406295,0.173083690637207,1.12778829137333,0.136636562245716,0.17309407854581,0.219124501123282,0.173115984582171,6.09287722802771e-07,1,"tmean_1m_g","Southern"
18.035885,0.231291789466304,1.09157583709466,0.195030998414977,0.231160129156418,0.275145146135399,0.230900651466423,3.7501217205102e-06,1,"tmean_1m_g","Southern"
18.64759,0.296287944656777,1.08240181619387,0.254461159359743,0.29592957252959,0.347461607767472,0.295224034754047,8.42980672216824e-06,1,"tmean_1m_g","Southern"
19.272785,0.369012258875526,1.08145676863361,0.317219744985761,0.368651790936224,0.431724569271931,0.367951764592348,6.11864102556222e-06,1,"tmean_1m_g","Southern"
19.8918325,0.457627512595545,1.07958533968212,0.394390561075863,0.457329984792596,0.532963567960003,0.456751378357116,4.04127622953489e-06,1,"tmean_1m_g","Southern"
20.5155075,0.569409198744084,1.07546841906364,0.494052056232221,0.569201130247462,0.657514755046699,0.568797938489667,2.22428489818187e-06,1,"tmean_1m_g","Southern"
21.12613,0.707339321831486,1.07253591003829,0.616317903488725,0.707362688144351,0.811532452733623,0.707416290393123,1.11276991897249e-06,1,"tmean_1m_g","Southern"
21.7583,0.956903611500953,1.07068151380735,0.837169538497069,0.956714337434305,1.09479790096808,0.956353978985077,1.41167046712636e-06,1,"tmean_1m_g","Southern"
22.3802425,1.30563437309922,1.06957795881589,1.14512561415135,1.30516347750821,1.49148965184093,1.30425088895,2.57667404110213e-06,1,"tmean_1m_g","Southern"
22.961245,1.69362036011422,1.06897198625719,1.48651876349947,1.69321792771521,1.93182815196198,1.6924466450068,1.86463075148259e-06,1,"tmean_1m_g","Southern"
23.58554,2.22363131235462,1.06917760861589,1.95106429908313,2.22307223168031,2.53742671019314,2.22199850452167,2.03015595534573e-06,1,"tmean_1m_g","Southern"
24.229625,2.85572622820717,1.06950883814477,2.50398566944722,2.85507886057905,3.2604745338588,2.85383611079601,1.948336201657e-06,1,"tmean_1m_g","Southern"
24.8432025,3.50349044580979,1.07010516479949,3.06915588200431,3.50249564505954,4.00499765015838,3.5005693769186,2.51654747494205e-06,1,"tmean_1m_g","Southern"
25.4774,4.02989057699774,1.07066349346665,3.52580278638046,4.02909655283168,4.610376518433,4.02757091097498,1.83674338080501e-06,1,"tmean_1m_g","Southern"
26.1137025,4.46419746220481,1.07119714047525,3.90192918708098,4.46333996947756,5.11214566745563,4.46169481837001,1.70439740926641e-06,1,"tmean_1m_g","Southern"
26.678285,4.7386172002263,1.07186164043181,4.13712815482729,4.73756738037688,5.43338974196096,4.73554182298682,1.89152898711557e-06,1,"tmean_1m_g","Southern"
27.27284,4.68632478490063,1.07289025821252,4.08344895540615,4.68542077431602,5.38312704395924,4.68368086557741,1.621287147238e-06,1,"tmean_1m_g","Southern"
27.9228125,4.30631440469728,1.07453737492506,3.74258885863715,4.30489512246251,4.96328803762423,4.30212030361769,2.7831451156663e-06,1,"tmean_1m_g","Southern"
28.51755,3.45380266675653,1.07555998595996,2.99383693053089,3.45354153109514,3.98548912314576,3.45305917078971,8.15887394447514e-07,1,"tmean_1m_g","Southern"
29.09807,2.90623113611429,1.0775242388073,2.50986798359288,2.90613514885462,3.36527817798778,2.90597442818848,7.35092289799527e-07,1,"tmean_1m_g","Southern"
29.7164025,2.65518802643352,1.08038901111759,2.2830936489236,2.65433169128989,3.09292757182127,2.65265720697414,1.88173953057102e-06,1,"tmean_1m_g","Southern"
30.291025,2.48644900769043,1.08900513155333,2.10629389266044,2.48511098719495,2.94373566424784,2.48244228623555,4.23625321242099e-06,1,"tmean_1m_g","Southern"
30.94358,2.31085993591489,1.12353918354486,1.84357160885417,2.3084956304377,2.91335118679573,2.30379570617164,5.29608697475098e-06,1,"tmean_1m_g","Southern"
31.55929,2.15792072576199,1.18810503515875,1.54586293003189,2.15386078292318,3.04534785415379,2.14595231104198,5.29828606973598e-06,1,"tmean_1m_g","Southern"
-2.5206275,0.512594573426155,1.12923966947226,0.398730004898187,0.515093475948848,0.641928852737902,0.520369696112093,2.85840421287655e-05,1,"spei1_1m_g","Southern"
-2.41707365725772,0.550961811237166,1.10097751165173,0.452395315601315,0.552729192737855,0.659381322345422,0.556468581859987,2.97544578658767e-05,1,"spei1_1m_g","Southern"
-2.27777839955314,0.606261748131401,1.06914670897189,0.529624065090525,0.607155775957494,0.688439635795123,0.609044699077002,2.82859249153e-05,1,"spei1_1m_g","Southern"
-2.15023505213114,0.65965561163806,1.04708614038928,0.601750404203644,0.660017097916032,0.720927613523601,0.66076800495658,1.99703324441717e-05,1,"spei1_1m_g","Southern"
-2.00699419304789,0.718939129173665,1.03171353398814,0.675981967044541,0.719006463179358,0.764195187572365,0.719163837903499,5.42771263980252e-06,1,"spei1_1m_g","Southern"
-1.88203375149555,0.763678713608938,1.02584285944618,0.726664933678213,0.763553919137103,0.803279361624165,0.763357623246989,1.17838203852257e-06,1,"spei1_1m_g","Southern"
-1.749069,0.797929125647324,1.02333268694603,0.762529712735603,0.797914388101042,0.835002856371885,0.797885656733568,1.68576313183048e-06,1,"spei1_1m_g","Southern"
-1.62027791283232,0.831032269594858,1.0222199303449,0.795949087695292,0.830988521841846,0.867839046028633,0.830884190356831,2.5943230507543e-06,1,"spei1_1m_g","Southern"
-1.48867780493749,0.864937060429652,1.02138773846284,0.830366184277428,0.864703526660836,0.902340243495994,0.864221564209542,9.27869629472282e-06,1,"spei1_1m_g","Southern"
-1.36167878666796,0.886522425118503,1.02076783898145,0.852273236674886,0.886232927722145,0.923866127726236,0.885640263532707,1.90414457597167e-05,1,"spei1_1m_g","Southern"
-1.226786,0.889782973746265,1.01938397966511,0.857468941387679,0.889572641025809,0.92457280290822,0.889144698776735,1.33094734745621e-05,1,"spei1_1m_g","Southern"
-1.09719827434659,0.881799598040776,1.01821329415414,0.851369902191142,0.881692912659635,0.913913153746021,0.881478715896634,4.04918916984082e-06,1,"spei1_1m_g","Southern"
-0.9681117,0.873609336843437,1.01769402245147,0.844134893595543,0.873560351941484,0.904356661777193,0.873469094393664,1.09402369795006e-06,1,"spei1_1m_g","Southern"
-0.8380689,0.866873101839598,1.01747973953123,0.837618769025221,0.866950408489047,0.896679032972654,0.867108993024366,1.89154930687799e-06,1,"spei1_1m_g","Southern"
-0.703171,0.875100976972687,1.01711577012836,0.846202619461972,0.875164334213406,0.904594624054224,0.875294420977581,1.51054983645813e-06,1,"spei1_1m_g","Southern"
-0.573193617715176,0.897674463569327,1.01686655685602,0.868869871374147,0.897590501691056,0.927889383108568,0.897425229112325,2.13314597030033e-06,1,"spei1_1m_g","Southern"
-0.440439911710667,0.924383831223769,1.01709997180078,0.894759754612401,0.924157732452316,0.956343029377048,0.923707996783295,9.6812062163792e-06,1,"spei1_1m_g","Southern"
-0.3128662,0.935378859753298,1.01653252010851,0.905878271424008,0.935316718014413,0.966149073618056,0.935188127539325,3.23378459312262e-06,1,"spei1_1m_g","Southern"
-0.1801578,0.953676335325015,1.01658875681324,0.923645947131843,0.95356386075625,0.98531544860971,0.953339394386052,4.38482513414207e-06,1,"spei1_1m_g","Southern"
-0.0507407272893785,0.967428632965868,1.01659561525316,0.937001874116494,0.967298394469211,0.999588861413263,0.967039134941655,4.65779156064486e-06,1,"spei1_1m_g","Southern"
0.07951747,0.976003605011302,1.01657756981615,0.945252455498657,0.975900152499873,1.0083282052479,0.975694211976859,3.2937689166436e-06,1,"spei1_1m_g","Southern"
0.211200927592529,0.98306775579937,1.01653767027664,0.952097743683149,0.982987055766782,1.01547134639214,0.982825619973315,2.42548135516706e-06,1,"spei1_1m_g","Southern"
0.34180392886008,0.993682779109649,1.01686205657572,0.96202550227654,0.99351757011141,1.0273476679352,0.993191551117148,4.0266118873043e-06,1,"spei1_1m_g","Southern"
0.474623969511548,0.998395594952353,1.01687432253807,0.966338570430213,0.998303600157476,1.03201250590025,0.998120540803807,1.83935399348622e-06,1,"spei1_1m_g","Southern"
0.607558606227519,1.01089111064069,1.01703432583255,0.978265668008919,1.01075304041151,1.04539724968976,1.0104866851693,1.9200161892615e-06,1,"spei1_1m_g","Southern"
0.736131116081912,1.02182385779967,1.01704674731908,0.988419657458314,1.02182309964135,1.05632216027036,1.02182590194082,9.49706373658547e-07,1,"spei1_1m_g","Southern"
0.866164548778166,1.04678511205263,1.01741162439988,1.01176883496055,1.04681317876481,1.0828103832641,1.0468702511109,9.60508791456331e-07,1,"spei1_1m_g","Southern"
0.99757155,1.09253624750194,1.0182125962166,1.05509951494263,1.09231416803245,1.13261744763849,1.09188000014475,4.18817932958796e-06,1,"spei1_1m_g","Southern"
1.127734,1.13265405173108,1.01880464945502,1.09255935626741,1.13243613259758,1.17550048319226,1.13199478346278,5.52133573647546e-06,1,"spei1_1m_g","Southern"
1.257551,1.17655074629136,1.01981710451903,1.13295264445958,1.17624103651238,1.22368225340007,1.17561512156725,7.81410970541593e-06,1,"spei1_1m_g","Southern"
1.384457,1.21102032362135,1.02070468641547,1.16394939909514,1.2107582485225,1.2615431184339,1.21024125664894,3.44490147811266e-06,1,"spei1_1m_g","Southern"
1.52655492653819,1.2418540377732,1.0216045855541,1.1904201776,1.24196029572258,1.2948412532022,1.24217658596495,1.81132281526746e-06,1,"spei1_1m_g","Southern"
1.652847,1.28464487821292,1.02235547411115,1.22934912205169,1.28486615042,1.34110909143303,1.285320142097,2.98358911726161e-06,1,"spei1_1m_g","Southern"
1.78274737299548,1.34480004494365,1.02316291847974,1.28516682974823,1.34492612331419,1.40640081275248,1.34518404857454,1.90209468962021e-06,1,"spei1_1m_g","Southern"
1.90823168488152,1.4200565755162,1.02506475592229,1.3531755082185,1.41983695760025,1.49148437462254,1.41941424597526,1.81113589149261e-06,1,"spei1_1m_g","Southern"
2.0362295,1.5093737424448,1.03096445395921,1.42291698511019,1.50891099933892,1.6038745743705,1.50799178282319,7.34331130845547e-06,1,"spei1_1m_g","Southern"
2.171846,1.61564685234568,1.04434622101613,1.48619746553438,1.61473740472665,1.76207628418611,1.61286877198317,1.25082887791056e-05,1,"spei1_1m_g","Southern"
2.291769,1.71356951324066,1.06298105617749,1.52463707931722,1.71166221331833,1.93818946879107,1.70773001475068,1.16310821423616e-05,1,"spei1_1m_g","Southern"
2.458006,1.8597749828859,1.09893384817239,1.55420647412026,1.85562437185355,2.25370363958427,1.84716448499134,9.61457293000831e-06,1,"spei1_1m_g","Southern"
2.58765585566026,1.98227557914997,1.13364762277215,1.56166990119068,1.97597617845762,2.56170728764182,1.96322927516366,8.63173860869639e-06,1,"spei1_1m_g","Southern"
-2.7796665,1.50521761739862,1.08432776287304,1.27980531628516,1.50612498224649,1.76359925645689,1.5076019194094,1.26182889760926e-06,1,"spei6_5m_g","Southern"
-2.6501186419918,1.45871451535821,1.06545434060607,1.28589340516352,1.4590960320674,1.65185036038417,1.45969459726957,8.6552899419552e-07,1,"spei6_5m_g","Southern"
-2.52164,1.41373877489468,1.04973374697469,1.28463713943723,1.4137695184557,1.55533837575452,1.41376658274933,4.82718937889066e-07,1,"spei6_5m_g","Southern"
-2.377739,1.36458808931308,1.03607072445307,1.27314221661028,1.36442921963544,1.46340481248977,1.36409402319408,1.38873832481693e-07,1,"spei6_5m_g","Southern"
-2.241505,1.31888236956992,1.02736120342312,1.25139440208373,1.31864585825649,1.39133117448343,1.31816841657315,1.84832598704225e-07,1,"spei6_5m_g","Southern"
-2.10222786420954,1.27230105247683,1.0224479770579,1.21908973989314,1.27190396452653,1.33024217452322,1.27111308257965,1.36920559774503e-06,1,"spei6_5m_g","Southern"
-1.95548981751188,1.22223357941668,1.02007615536116,1.17680089653104,1.22169676856536,1.27267196256209,1.22064580856512,3.09102978433514e-06,1,"spei6_5m_g","Southern"
-1.81552315531785,1.17165884716473,1.01869141219944,1.13046425422837,1.17137736677665,1.216089856505,1.1708599478482,2.05722870069881e-06,1,"spei6_5m_g","Southern"
-1.672173,1.12031685230278,1.0179215202155,1.08141060022205,1.12047050338943,1.15975303754323,1.12081543836534,4.40024940924152e-07,1,"spei6_5m_g","Southern"
-1.53285044855361,1.07793908659801,1.01781728580321,1.04028831007219,1.07827978102014,1.11503891985858,1.07901439953809,6.76081765124041e-07,1,"spei6_5m_g","Southern"
-1.38873844299109,1.04783723195358,1.01706531258099,1.01289369477768,1.04809651928175,1.08251881114165,1.04865181026179,5.04086218289853e-07,1,"spei6_5m_g","Southern"
-1.24349535591452,1.02781851237704,1.01607090218943,0.99583213416853,1.02791807080436,1.06025154892119,1.02813374036305,3.20866371030713e-07,1,"spei6_5m_g","Southern"
-1.10131746142861,1.0123827017943,1.01552328430325,0.982364304752005,1.01231412621456,1.04369121087204,1.01219104791504,1.05008950669619e-06,1,"spei6_5m_g","Southern"
-0.958525206315464,0.996435584943999,1.01521919922526,0.967741511851316,0.996269016066943,1.02696850388139,0.995947704092987,2.12809460542658e-06,1,"spei6_5m_g","Southern"
-0.814466697771735,0.97475578732508,1.01464496118435,0.947323902237532,0.974739111301866,1.00306020631534,0.974718507827529,6.71612165946075e-07,1,"spei6_5m_g","Southern"
-0.675153552569464,0.955105019227964,1.01463185370447,0.927811013680694,0.955254961856014,0.982341366461617,0.955569050969767,3.24358527601656e-07,1,"spei6_5m_g","Southern"
-0.5286709,0.943923171476271,1.01458656044866,0.917008366342763,0.944082321046287,0.970722563873613,0.94442009398796,3.8883137077158e-07,1,"spei6_5m_g","Southern"
-0.3828509,0.939782555296032,1.01437121151471,0.913498173744595,0.939889313774826,0.966214499176068,0.940122336135301,4.80079152005854e-07,1,"spei6_5m_g","Southern"
-0.242991658874809,0.938546768930336,1.01426778556285,0.912515948206894,0.938638108117334,0.964795964750368,0.938838263695268,3.44661001327833e-07,1,"spei6_5m_g","Southern"
-0.0981510876588227,0.939818080237354,1.01423081984975,0.913836626875846,0.939899787593655,0.966063065294194,0.940076664681294,1.77164326974901e-07,1,"spei6_5m_g","Southern"
0.041213775,0.943321807619671,1.01425886753446,0.917341166351041,0.943346105117808,0.969882095296634,0.943405068478325,1.39343902905983e-07,1,"spei6_5m_g","Southern"
0.188599365131618,0.947213363933643,1.01441797463488,0.921182819619767,0.947116000903249,0.974532386347449,0.94693080398561,4.70767970396315e-07,1,"spei6_5m_g","Southern"
0.333253260605522,0.945353796281361,1.01458073322165,0.919203610605606,0.945216274094642,0.973053548499496,0.944949068579537,7.72014352832303e-07,1,"spei6_5m_g","Southern"
0.474084883206618,0.935528226794016,1.01454657937098,0.909410470918159,0.935497137669154,0.962549684594533,0.935442099645792,1.76338883277864e-07,1,"spei6_5m_g","Southern"
0.6170452,0.922666288234103,1.01477728335711,0.896276829077316,0.922718859539723,0.949510848876037,0.922829741559708,1.31816091566533e-07,1,"spei6_5m_g","Southern"
0.760198945167286,0.910349117216549,1.01502300779343,0.883909167965311,0.910395471783045,0.937294959582717,0.91049533531873,1.34166176292611e-07,1,"spei6_5m_g","Southern"
0.905412207108413,0.899401423018206,1.01522349462521,0.873207050799434,0.899353271247881,0.926639887458788,0.899268718260741,8.76570945525392e-07,1,"spei6_5m_g","Southern"
1.04737,0.883338049912868,1.01548556446963,0.856994156319171,0.883358462758413,0.910360068644966,0.883410895644985,5.07948748247784e-07,1,"spei6_5m_g","Southern"
1.18963064009183,0.868462029168122,1.01593287816897,0.841684464531285,0.868539924117899,0.895637908796893,0.86871061136366,5.15162763491627e-07,1,"spei6_5m_g","Southern"
1.329144,0.854947615672182,1.01666920153711,0.827161167573216,0.85512511838393,0.882659818319186,0.855505924682909,4.46102041708012e-07,1,"spei6_5m_g","Southern"
1.474717,0.847595056539728,1.01729933023973,0.818874060097901,0.847841752328012,0.875937278577809,0.848375529532272,6.76991658773074e-07,1,"spei6_5m_g","Southern"
1.618983,0.848520264980397,1.01742140683349,0.819582196953168,0.848747213757035,0.877201583321507,0.849232189548552,4.39240709884886e-07,1,"spei6_5m_g","Southern"
1.763811,0.857355391179236,1.01760835618274,0.828438545902331,0.857329161670245,0.887415460050976,0.85729621668446,1.09394920022772e-06,1,"spei6_5m_g","Southern"
1.90533268611754,0.868677719257577,1.01896920794484,0.838026243797711,0.868358541431459,0.902387203411126,0.867729781606867,3.13211574944636e-06,1,"spei6_5m_g","Southern"
2.038148,0.877992046356628,1.02155053928925,0.842953031071852,0.877634553647594,0.916626606272013,0.876901201451196,3.36724529052237e-06,1,"spei6_5m_g","Southern"
2.198048,0.885443134471086,1.02746460668117,0.840307312307652,0.88517328906018,0.934592675859518,0.884611747229761,8.4884115277256e-07,1,"spei6_5m_g","Southern"
2.308995,0.888062639121399,1.0344624669714,0.83156282651366,0.887797131321293,0.94993343335955,0.887236037289658,1.31271536854202e-07,1,"spei6_5m_g","Southern"
2.481928,0.890601364774408,1.05132036524217,0.80727225884901,0.890437405738506,0.983250244533596,0.890016677515066,6.1693015626429e-07,1,"spei6_5m_g","Southern"
2.6166235,0.892147674982505,1.06867571747867,0.781922564084428,0.892241709840818,1.01677666361506,0.892223288018109,1.2720340681401e-06,1,"spei6_5m_g","Southern"
2.732488,0.893491802941816,1.08618273777526,0.757179584264733,0.893898440112625,1.0508711976764,0.894361501265307,1.79261030675611e-06,1,"spei6_5m_g","Southern"
0.0158343579728345,0.379617959423149,1.17163988676015,0.27814799531621,0.379617573711925,0.517961177811612,0.379621896540455,2.38310015511912e-09,1,"flushany_g","Northern"
0.0379059795201706,0.376430646044026,1.13811456067865,0.29198977974993,0.376430752981711,0.485178295673227,0.376435088599199,2.84418132984169e-09,1,"flushany_g","Northern"
0.062938157757096,0.374327553280759,1.11599765848615,0.301763831328554,0.374327952057136,0.464246610806638,0.37433223875886,2.71072858464241e-09,1,"flushany_g","Northern"
0.0883335407348283,0.375979214963202,1.10412181719738,0.309528969840817,0.375979789469771,0.456610274821221,0.375984122808788,3.17708727408443e-09,1,"flushany_g","Northern"
0.112981561805376,0.379664166556064,1.09743718325152,0.316311394078997,0.37966489512313,0.455624792692783,0.379669371433731,6.11615455944724e-09,1,"flushany_g","Northern"
0.138901590150347,0.380865553134782,1.0923460885466,0.320222375786952,0.380866364072921,0.452916082774705,0.380870865289132,1.01277430844869e-08,1,"flushany_g","Northern"
0.162423725696642,0.379287839445507,1.08864418761651,0.321028555796099,0.379288629587243,0.448046354456066,0.379292948733547,1.243391122578e-08,1,"flushany_g","Northern"
0.187821437068554,0.376291046391786,1.08550432894113,0.320303681546349,0.37629170416037,0.441995248299788,0.376295666731147,1.25441268646754e-08,1,"flushany_g","Northern"
0.213081013587106,0.370866182954463,1.08333619574473,0.316928275581725,0.370866585885873,0.433918871150122,0.370869918776938,8.21962262383935e-09,1,"flushany_g","Northern"
0.237882701981867,0.367857075981435,1.08191851248563,0.315166770759871,0.36785720055475,0.429295001863203,0.367859882518905,3.91471380357209e-09,1,"flushany_g","Northern"
0.263111133391879,0.372792854413236,1.08079407475472,0.32004886367293,0.372792755618385,0.434169382670565,0.372795009777476,2.02717109774308e-09,1,"flushany_g","Northern"
0.288955165825684,0.389082264307115,1.07967257537157,0.334715525975255,0.389082032436621,0.452219211883597,0.389084073217912,1.60599222986171e-09,1,"flushany_g","Northern"
0.312103704188727,0.414358192535046,1.07853946281563,0.357195406275361,0.414357876719662,0.480605839352279,0.414359921375754,1.76277167489243e-09,1,"flushany_g","Northern"
0.33848833541596,0.455447799949848,1.07718094425202,0.393589302175585,0.455447459653426,0.526960310691612,0.455449673083199,2.52486858923209e-09,1,"flushany_g","Northern"
0.364021790808241,0.505805347674264,1.07583654495403,0.438180373864029,0.505805003649017,0.583792682071752,0.505807488211506,3.94159252749588e-09,1,"flushany_g","Northern"
0.387802691583035,0.561390478027997,1.07476881918184,0.487282887706797,0.561390146006738,0.646687110525395,0.561392920721353,5.8598961748416e-09,1,"flushany_g","Northern"
0.411996717963679,0.625945836335601,1.07383411631915,0.544245382002068,0.625945500784949,0.719821159497832,0.625948615883074,7.77977168234237e-09,1,"flushany_g","Northern"
0.437047849770642,0.699185705522074,1.07289932305597,0.608966274292283,0.69918528563359,0.802672751313759,0.699188622758252,8.50072626864274e-09,1,"flushany_g","Northern"
0.463814528018321,0.792489803085662,1.07168672156132,0.691764974427726,0.792489391140484,0.90777063867492,0.792493227708369,1.13221890974708e-08,1,"flushany_g","Northern"
0.48779889963059,0.878932478879905,1.07100028225591,0.768186692970309,0.878932011210199,1.00552324329029,0.878936185371137,1.26455030521866e-08,1,"flushany_g","Northern"
0.513927915267737,0.968181694281815,1.07065788560489,0.846722314381295,0.96818099525289,1.10693294222776,0.968185203663586,1.12268484352936e-08,1,"flushany_g","Northern"
0.536092982617071,1.0360824926361,1.07097729335017,0.905575178589757,1.03608140798499,1.18525916948229,1.03608526391019,7.68837737073915e-09,1,"flushany_g","Northern"
0.563302568206208,1.11848813908219,1.07142620486728,0.976797730174798,1.11848656663893,1.28058342334938,1.11848995576182,4.58671313738568e-09,1,"flushany_g","Northern"
0.588294069279347,1.20280775164879,1.0716847573298,1.04993869200936,1.20280583975217,1.37777564376031,1.20280907796871,3.73190963939138e-09,1,"flushany_g","Northern"
0.616,1.29204454711956,1.07179811375172,1.12760077691047,1.29204214010458,1.48030182329557,1.29204489367296,2.62541542163115e-09,1,"flushany_g","Northern"
0.637501573139762,1.35892228023801,1.07187567989689,1.18579925511106,1.35891931562057,1.55714652878334,1.35892134876041,1.95261749897494e-09,1,"flushany_g","Northern"
0.662201882265288,1.4385005226479,1.07230936471245,1.25424435069968,1.43849676287395,1.6496433863888,1.43849769318737,1.85232849137716e-09,1,"flushany_g","Northern"
0.687590412272292,1.53510762117056,1.07291159349075,1.33700396335766,1.5351029827681,1.76237252640712,1.53510277170237,2.26630761776382e-09,1,"flushany_g","Northern"
0.711988030853799,1.64616299159007,1.07367367451572,1.43173195239804,1.64615734620915,1.89250523429081,1.64615597609936,2.76369028781459e-09,1,"flushany_g","Northern"
0.73750066222332,1.78528846815404,1.07456176125639,1.55021818264991,1.78528149302784,2.05578453131961,1.78527846550247,3.49205993152379e-09,1,"flushany_g","Northern"
0.763549946923322,1.95587075840612,1.07559346707777,1.69514568806727,1.9558620111699,2.25646014626552,1.95585641924393,4.95614302357017e-09,1,"flushany_g","Northern"
0.788751817339715,2.15220334363477,1.07716883365432,1.85995782647494,2.15219210583669,2.49011057652231,2.15218294700221,7.63794669278819e-09,1,"flushany_g","Northern"
0.811401661197519,2.37768454379528,1.07963119686379,2.04563363474066,2.37767052625987,2.76334842774171,2.37765761694965,9.9686354934625e-09,1,"flushany_g","Northern"
0.836403062005614,2.68739269446417,1.08327432151818,2.29685327853647,2.68737456482731,3.14400710919144,2.68735617342451,1.36842044154123e-08,1,"flushany_g","Northern"
0.862292604765818,3.09864043119854,1.08775509518576,2.62696759025444,3.09861624086717,3.65461275389956,3.09858982563053,1.8733385524397e-08,1,"flushany_g","Northern"
0.888149458053328,3.64176143362172,1.09301330036422,3.05833032291239,3.64172909585268,4.33602153602022,3.64169153907375,2.53773080340398e-08,1,"flushany_g","Northern"
0.912998996928092,4.38771470068782,1.09941191702469,3.6427992738537,4.38767121750162,5.28435873243166,4.38761898241943,2.7573484846232e-08,1,"flushany_g","Northern"
0.939,5.50363056450723,1.10932367398208,4.4894616127763,5.50357042127775,6.74606541145762,5.5034980371572,2.43513291134136e-08,1,"flushany_g","Northern"
0.964194790453981,7.04956543717791,1.12575270819695,5.58691994210082,7.04948332106646,8.89383486970812,7.04938812055992,1.70330414576416e-08,1,"flushany_g","Northern"
0.992,9.38035323098419,1.15943452781328,7.01603417223604,9.3802397912556,12.5389604891335,9.38012958860135,9.31709807596619e-09,1,"flushany_g","Northern"
0.00703263936601684,1.20305707172154,1.11942886541455,0.964039220066946,1.20304798438269,1.50109765067431,1.20304118855103,1.36524339985215e-08,1,"water_g","Northern"
0.036990253569118,1.2254143337012,1.09825006093885,1.01947615325436,1.22540649452923,1.47275983661264,1.22540045610643,1.26990322781535e-08,1,"water_g","Northern"
0.0611297466697081,1.23764591444814,1.08650375755571,1.05161919398648,1.23763923226858,1.45640885120576,1.23763446179478,1.07493873738798e-08,1,"water_g","Northern"
0.0878741916997575,1.24416845542486,1.07759354832448,1.07438944782717,1.24416299089661,1.4406202003659,1.24415987164064,7.8592267750043e-09,1,"water_g","Northern"
0.112290637379219,1.24673426508393,1.07198657257773,1.08768683287739,1.24672980636579,1.4288900666624,1.24672817158427,5.49627183445272e-09,1,"water_g","Northern"
0.135887318639666,1.24531431937511,1.06804688445044,1.09432860324158,1.24531067035629,1.41698862560362,1.24531027403647,4.0309848805738e-09,1,"water_g","Northern"
0.160912652889076,1.23973562859435,1.06486665126443,1.09582199724872,1.23973264791739,1.4024108806937,1.23973328246202,3.48593163317486e-09,1,"water_g","Northern"
0.187936084196458,1.22911795399832,1.06208855779932,1.09202222284711,1.22911553518955,1.38329159104102,1.22911694665807,3.76031787132142e-09,1,"water_g","Northern"
0.213584638535331,1.21726526340766,1.05985577201809,1.08596857097501,1.21726323819716,1.36430710362249,1.21726519085299,4.44617935724994e-09,1,"water_g","Northern"
0.238781446137812,1.20516429157529,1.05796474311669,1.07894864541651,1.2051625760558,1.34601988022283,1.20516490215925,5.18154856408577e-09,1,"water_g","Northern"
0.263900859516761,1.19426661471738,1.05632453080932,1.07245378019829,1.19426516488031,1.3297942695389,1.19426778925127,5.79380446805768e-09,1,"water_g","Northern"
0.288531002446022,1.18609809069842,1.05496157852085,1.06782137308028,1.18609686447742,1.31735743248325,1.1860997697523,6.20755536629222e-09,1,"water_g","Northern"
0.31315116713352,1.18021212828253,1.0538789883524,1.0646659294697,1.18021108426061,1.30818213547569,1.18021425625472,6.34616311026771e-09,1,"water_g","Northern"
0.337545833489522,1.17327742542439,1.05312127098228,1.05990554153174,1.17327651357628,1.29866157299312,1.17327985559115,6.27174259836656e-09,1,"water_g","Northern"
0.361,1.16385880770942,1.05265798229834,1.05230560507632,1.1638579733739,1.28712479061962,1.16386137445371,6.13613027327254e-09,1,"water_g","Northern"
0.38750195361019,1.15004417518113,1.0523501145579,1.04041237490873,1.15004337770771,1.27111737206547,1.15004676287008,5.95033577885905e-09,1,"water_g","Northern"
0.413713993152517,1.13260917438882,1.05212417216707,1.02507148173418,1.13260839895667,1.25131967349554,1.13261172284766,5.85262070680907e-09,1,"water_g","Northern"
0.437440212456024,1.1126505307634,1.05195605218297,1.00732388660125,1.11264975638653,1.22888387777852,1.11265298457427,5.87121223161988e-09,1,"water_g","Northern"
0.463384430232144,1.08725114215906,1.05178741834933,0.984638834328287,1.08725036108507,1.20045362416004,1.08725344274674,5.93628871106949e-09,1,"water_g","Northern"
0.486073046928519,1.06260540998077,1.05167117529805,0.96252807266706,1.06260460538061,1.17298757723212,1.06260753570472,5.97186567779612e-09,1,"water_g","Northern"
0.512604262403425,1.03329563603382,1.05158199472584,0.936134689896686,1.03329481314724,1.14044352909746,1.03329756839739,6.00161501207198e-09,1,"water_g","Northern"
0.536877400805797,1.0074786867191,1.05154834830152,0.91280270979264,1.0074778649184,1.1118797455514,1.00748051075193,6.02159060542886e-09,1,"water_g","Northern"
0.563051375674815,0.980091620541279,1.05156462098659,0.887962346718341,0.980090808131645,1.08168752944361,0.980093358478703,6.04253816075792e-09,1,"water_g","Northern"
0.588449901650641,0.953787968358233,1.05164820951995,0.863996451222169,0.953787163004248,1.05282144739796,0.953789617015256,6.00702430140788e-09,1,"water_g","Northern"
0.61277645456396,0.929529543760191,1.05184823469872,0.841707447956935,0.92952873731708,1.02642715109856,0.929531102006824,5.94229200617309e-09,1,"water_g","Northern"
0.638318904405102,0.906290202268185,1.05223399355191,0.820073182776765,0.906289403893226,1.00148540227825,0.906291708052003,5.84693226966099e-09,1,"water_g","Northern"
0.661252490832353,0.888158922229074,1.05281588374581,0.802794868695915,0.888158137982464,0.982514620935181,0.888160437591982,5.76699558194619e-09,1,"water_g","Northern"
0.689498157137285,0.87032095911139,1.05388879555895,0.78509961739159,0.870320209331134,0.964707146085129,0.870322593180829,5.69425213680822e-09,1,"water_g","Northern"
0.711899909045432,0.859233873761178,1.05502154081667,0.773464952062425,0.859233169284832,0.954426715430891,0.859235666264591,5.59860281058703e-09,1,"water_g","Northern"
0.739,0.848287484100007,1.05673038212823,0.761188478941033,0.848286835440905,0.945263705442524,0.848289506577384,5.34960015074657e-09,1,"water_g","Northern"
0.764993471370822,0.839214811165292,1.05871944555606,0.750271952833513,0.839214207853607,0.938609843174014,0.839217049612534,4.95125092694789e-09,1,"water_g","Northern"
0.787727819302952,0.830323080957177,1.06081645810656,0.73944419580952,0.830322459833268,0.932276793755034,0.830325382297088,4.55249037186796e-09,1,"water_g","Northern"
0.81276287277387,0.818733056448571,1.06355152379092,0.725445946964764,0.81873236186171,0.923919006595006,0.818735252464701,4.12975174122722e-09,1,"water_g","Northern"
0.835,0.805652697619378,1.0663903779003,0.710129876112533,0.805651874943391,0.913925186419902,0.805654618447382,3.88099322658561e-09,1,"water_g","Northern"
0.86424928359611,0.784961802784224,1.07076834116077,0.68634953461628,0.784960715454412,0.897639860201399,0.784963089437938,3.83418214524114e-09,1,"water_g","Northern"
0.888102253944402,0.766157196990604,1.07501517879484,0.664721761089727,0.766155850318023,0.882966424590011,0.766157836322257,4.07918644188373e-09,1,"water_g","Northern"
0.912047945620137,0.747177572553687,1.0802577635291,0.642093165244649,0.74717592121554,0.869351208417874,0.747177483483185,4.59345410783841e-09,1,"water_g","Northern"
0.939487535769432,0.72517682577107,1.08822229298708,0.614264079628845,0.725174762295242,0.856000937485339,0.725175810009964,5.47913221272332e-09,1,"water_g","Northern"
0.96480756859035,0.705143592160674,1.09863812385545,0.586228382477883,0.70514109545349,0.848055341173378,0.705141679805851,6.4450918298541e-09,1,"water_g","Northern"
0.996014460232956,0.680696854122567,1.11770798135825,0.547104457943438,0.680693770872927,0.846763786996475,0.680693973467375,7.39841406948517e-09,1,"water_g","Northern"
7.8291825,0.151836644729833,2.06432851137903,0.0365875026732011,0.151836454062013,0.629288872376324,0.151845405546424,2.49224479600832e-08,1,"tmean_1m_g","Northern"
8.773209,0.193697742049134,1.78903467223742,0.0618201160279172,0.19369721802536,0.606269179688008,0.193705731551197,2.95223883004119e-08,1,"tmean_1m_g","Northern"
9.46903925,0.231418159475091,1.62214313461582,0.0895175317791715,0.231417287513247,0.59774073358757,0.231425056376457,3.45825253116112e-08,1,"tmean_1m_g","Northern"
10.0345315,0.266783250642369,1.50598660697465,0.119406084257842,0.266782060301712,0.595631140895527,0.266788943447584,4.02846684582763e-08,1,"tmean_1m_g","Northern"
10.6856615,0.312816369692484,1.39154012332122,0.16351358655972,0.312814763032512,0.598103116093375,0.312820285231795,4.9716325408111e-08,1,"tmean_1m_g","Northern"
11.283995,0.359544734363975,1.30336954420823,0.213714768983135,0.359542735397054,0.60460949028549,0.359546834562653,6.25342214769924e-08,1,"tmean_1m_g","Northern"
11.874425,0.408570101592452,1.23171639387555,0.271371247853327,0.408567815220527,0.614918809739573,0.408570466882752,8.05676956784564e-08,1,"tmean_1m_g","Northern"
12.4897575,0.460398921188021,1.17367198258708,0.336195829308564,0.460396497311059,0.630321488478196,0.460397905838317,1.04898626333962e-07,1,"tmean_1m_g","Northern"
13.1138125,0.509813874741745,1.13388471923657,0.3983612039405,0.509811346328424,0.652316959701296,0.509811717249791,1.24471298874612e-07,1,"tmean_1m_g","Northern"
13.702135,0.54825926932655,1.11550221291189,0.442373617651396,0.548256237640992,0.679374970671078,0.548255217170449,1.12706190921512e-07,1,"tmean_1m_g","Northern"
14.33136,0.573904821689159,1.11329211293769,0.464874313975044,0.573900866150044,0.708395540453026,0.573898151286282,6.64257885704638e-08,1,"tmean_1m_g","Northern"
14.9782225,0.578456832384911,1.12044727359356,0.46270485450462,0.578452586488489,0.723045759519383,0.578449626378567,2.27121198129986e-08,1,"tmean_1m_g","Northern"
15.56979,0.563309117780656,1.12789291796452,0.444765415905908,0.563305423933098,0.713319097024944,0.563303712096375,4.0581544990135e-09,1,"tmean_1m_g","Northern"
16.196775,0.541699507929924,1.13251274221986,0.424282844174597,0.541696567346272,0.691475921458088,0.541696376021723,4.94559222835071e-09,1,"tmean_1m_g","Northern"
16.808365,0.529055684401018,1.13342820827756,0.413721695453765,0.529053236826173,0.676406562811764,0.529053950024174,1.38493406242578e-08,1,"tmean_1m_g","Northern"
17.406295,0.53222971686061,1.13214138462818,0.41713269503191,0.532227437053707,0.67894964250499,0.532228479650883,2.06029722478897e-08,1,"tmean_1m_g","Northern"
18.035885,0.545084211082837,1.12973502983393,0.428995286213134,0.545082121411753,0.692451078099829,0.545083528802698,2.95909494943316e-08,1,"tmean_1m_g","Northern"
18.64759,0.580170509863883,1.12759792797569,0.458309577987881,0.580168369046635,0.734290585020324,0.580169956570432,3.42459353027828e-08,1,"tmean_1m_g","Northern"
19.272785,0.651228791952451,1.12619924718586,0.515698227069587,0.651226203100063,0.822221322972234,0.651227530425196,2.93323348113081e-08,1,"tmean_1m_g","Northern"
19.8918325,0.752595596412007,1.12542749588026,0.596772442098842,0.752592313763186,0.948927685798397,0.75259324136055,2.35951301677345e-08,1,"tmean_1m_g","Northern"
20.5155075,0.866044626160283,1.12479503552049,0.687490063936703,0.866040996942648,1.09076885260457,0.866042316155731,2.93142073541888e-08,1,"tmean_1m_g","Northern"
21.12613,1.00392499821816,1.12423150425982,0.797726886729498,1.00392114641197,1.26318387763517,1.00392333910104,4.00292572075233e-08,1,"tmean_1m_g","Northern"
21.7583,1.21249554768587,1.12395639724929,0.963921806475745,1.21249088846363,1.52488473952716,1.21249348798217,4.29361436953526e-08,1,"tmean_1m_g","Northern"
22.3802425,1.49778526480668,1.12425472326344,1.19010496600848,1.4977790980374,1.88465896829865,1.49778151526311,4.04330006425735e-08,1,"tmean_1m_g","Northern"
22.961245,1.85312109761104,1.12497137245389,1.47060754610813,1.85311255230287,2.33469603046932,1.85311380762015,3.32800183574101e-08,1,"tmean_1m_g","Northern"
23.58554,2.2965569063279,1.1258359237719,1.81976665637293,2.29654537004269,2.89773461931238,2.29654513420863,2.87433247637682e-08,1,"tmean_1m_g","Northern"
24.229625,2.72018041950611,1.12695086388869,2.15125556097277,2.72016685304049,3.43892226519565,2.72016744870603,3.50648839938505e-08,1,"tmean_1m_g","Northern"
24.8432025,3.08287976298909,1.12875983225717,2.43042947104546,3.082865119187,3.90973782017165,3.0828669002392,4.34740633291021e-08,1,"tmean_1m_g","Northern"
25.4774,3.41242421652232,1.13130557139689,2.67835632947813,3.41240788212639,4.34683664955053,3.41241079239073,4.92971378874684e-08,1,"tmean_1m_g","Northern"
26.1137025,3.67185713378016,1.13392964711971,2.86890116671109,3.67183942686697,4.69861629475429,3.67184312678351,5.33571523320663e-08,1,"tmean_1m_g","Northern"
26.678285,3.80792042716028,1.13659270818954,2.96153905620205,3.80790214352322,4.8952022741713,3.80790635506213,5.83683180646614e-08,1,"tmean_1m_g","Northern"
27.27284,3.84149614485742,1.13996507728148,2.97032330038725,3.84147747184441,4.96714987697558,3.84148286456162,6.22040790999534e-08,1,"tmean_1m_g","Northern"
27.9228125,3.7918120524464,1.14383608167443,2.91245892044282,3.79179286012962,4.93562223423109,3.79179713584145,5.6936976493786e-08,1,"tmean_1m_g","Northern"
28.51755,3.56747724584526,1.14727950212785,2.72402498157652,3.56745913517859,4.6710789670939,3.56746406230035,6.02373655887131e-08,1,"tmean_1m_g","Northern"
29.09807,3.25215221616212,1.15087844943304,2.46802728875002,3.25213589771382,4.28445129632879,3.25214174863658,6.54984981747326e-08,1,"tmean_1m_g","Northern"
29.7164025,2.87875087695661,1.15540667105481,2.16787688278166,2.87873657527148,3.82185176801914,2.87874298396895,6.99548262524662e-08,1,"tmean_1m_g","Northern"
30.291025,2.5369660045197,1.16214917534093,1.88878928295777,2.53695351957072,3.40675997517823,2.53696071200171,7.23041767068719e-08,1,"tmean_1m_g","Northern"
30.94358,2.16982461520676,1.17676660220121,1.57628650860975,2.1698139145102,2.98607238422978,2.16982215790727,7.24116188485406e-08,1,"tmean_1m_g","Northern"
31.55929,1.87068123162079,1.20209279141163,1.30332720197967,1.87067149123448,2.68420901253697,1.8706811201195,6.44654267903941e-08,1,"tmean_1m_g","Northern"
32.30827,1.5638869243282,1.25297637101028,1.0044036681723,1.56387800679377,2.43411693761395,1.56388986060108,4.93736718353217e-08,1,"tmean_1m_g","Northern"
-2.5206275,0.814892250720871,1.21008278423283,0.560411365684248,0.814887619144696,1.18456417208103,0.814891485722261,3.5870789403982e-09,1,"spei1_1m_g","Northern"
-2.41707365725772,0.768741407397593,1.15657937518927,0.577758048440149,0.768738143728237,1.02261313601724,0.76874108665375,4.8710039670716e-09,1,"spei1_1m_g","Northern"
-2.27777839955314,0.71035452915564,1.11056116234272,0.578176137772919,0.710352416353785,0.872600644508979,0.710354486815212,7.18128537995049e-09,1,"spei1_1m_g","Northern"
-2.15023505213114,0.669272882444257,1.08993352573278,0.565164039454481,0.669271280720226,0.792447467854946,0.669272962227806,8.37229856419921e-09,1,"spei1_1m_g","Northern"
-2.00699419304789,0.646068827673771,1.07935494104958,0.556116925727918,0.646067498857407,0.750476018563563,0.646069039471672,6.96108154030607e-09,1,"spei1_1m_g","Northern"
-1.88203375149555,0.6418196411803,1.07438013400666,0.557492927161345,0.641818430702981,0.738814330992101,0.641819889840654,4.52923584512202e-09,1,"spei1_1m_g","Northern"
-1.749069,0.651614079637783,1.07010514088078,0.570448361130343,0.651612921726295,0.744245375912032,0.651614332092799,2.17377116276203e-09,1,"spei1_1m_g","Northern"
-1.62027791283232,0.677101014617989,1.06491348595734,0.598447631299764,0.677099892680431,0.766012583592343,0.677101236589035,8.09324286953165e-10,1,"spei1_1m_g","Northern"
-1.48867780493749,0.724150962663311,1.05916776451114,0.646866731054641,0.724149823804746,0.810592414183643,0.724151070570222,8.3169035890949e-10,1,"spei1_1m_g","Northern"
-1.36167878666796,0.793051899041496,1.0541897421341,0.714997132380499,0.793050707748767,0.879552235156011,0.793051851771921,3.80669616269598e-09,1,"spei1_1m_g","Northern"
-1.226786,0.855298437388315,1.05037305660565,0.776627992542359,0.855297223126865,0.941862878053635,0.855298335428802,7.46926331373881e-09,1,"spei1_1m_g","Northern"
-1.09719827434659,0.914230350675506,1.047847466975,0.834072285988532,0.914229090835799,1.00201612498766,0.914230180386849,1.02517032550352e-08,1,"spei1_1m_g","Northern"
-0.9681117,0.942430563156188,1.04639111432183,0.862150928213933,0.942429321929757,1.03010970790705,0.94243044729889,9.46437252647292e-09,1,"spei1_1m_g","Northern"
-0.8380689,0.959878874483335,1.04577880290486,0.879122615405602,0.959877637719404,1.04797729585823,0.959878785087653,1.06906501735464e-08,1,"spei1_1m_g","Northern"
-0.703171,0.97216189815588,1.04430569842885,0.892839780924014,0.972160676416907,1.05845684901606,0.972161787697535,1.59805264819611e-08,1,"spei1_1m_g","Northern"
-0.573193617715176,0.97819629039911,1.04329634325457,0.900089037318764,0.978195076848007,1.0630086568978,0.978196142814483,2.39114373560365e-08,1,"spei1_1m_g","Northern"
-0.440439911710667,0.972703876361297,1.04285195289034,0.895784135108954,0.972702677431178,1.05615706193514,0.972703718734522,2.95867530248234e-08,1,"spei1_1m_g","Northern"
-0.3128662,0.980817104734606,1.04231377699649,0.904171748960322,0.9808158754431,1.06388863824257,0.980816841658993,3.31276006943298e-08,1,"spei1_1m_g","Northern"
-0.1801578,0.953193401247188,1.04200789039507,0.87921313892832,0.953192244495172,1.03332997757559,0.953193237904783,2.67343184942533e-08,1,"spei1_1m_g","Northern"
-0.0507407272893785,0.939948921770047,1.04189442044386,0.867181962783688,0.939947809130591,1.01875421499668,0.939948834230486,2.23319868376914e-08,1,"spei1_1m_g","Northern"
0.07951747,0.961789421311913,1.04172667772344,0.887612206918606,0.961788284379809,1.04209663659503,0.961789324572408,2.32684877087192e-08,1,"spei1_1m_g","Northern"
0.211200927592529,1.02920832766886,1.04161485648625,0.95003180240927,1.02920706592493,1.11491026850546,1.02920807653536,2.74340751754197e-08,1,"spei1_1m_g","Northern"
0.34180392886008,1.07347269008785,1.04182672009536,0.990495368627174,1.07347136272405,1.16332448243152,1.07347241815606,2.35914543455045e-08,1,"spei1_1m_g","Northern"
0.474623969511548,1.07719531823951,1.0426408867839,0.992406875794917,1.0771940327852,1.16914867391625,1.07719525403367,1.68924898679182e-08,1,"spei1_1m_g","Northern"
0.607558606227519,1.13159750971732,1.04312051745419,1.04158597878147,1.13159616676194,1.22930321287212,1.13159751814838,1.18255113898964e-08,1,"spei1_1m_g","Northern"
0.736131116081912,1.26058711309059,1.04344529547224,1.15960644003474,1.26058557059667,1.37026685685904,1.26058700038533,1.13746621837767e-08,1,"spei1_1m_g","Northern"
0.866164548778166,1.40159248921072,1.0453095892904,1.28480570780153,1.40159065448303,1.5288852054532,1.40159223858647,1.05760079314392e-08,1,"spei1_1m_g","Northern"
0.99757155,1.53421822884217,1.04694350931279,1.40207453453382,1.5342161176057,1.67869172779268,1.53421786305608,1.13719619414219e-08,1,"spei1_1m_g","Northern"
1.127734,1.57527993678795,1.04957778575858,1.43251419418615,1.57527769691813,1.73213792395345,1.57527965510597,8.55049956990867e-09,1,"spei1_1m_g","Northern"
1.257551,1.57280280317327,1.05442188264832,1.4173895394639,1.57280036842579,1.7451066402042,1.57280256880741,6.86031382652566e-09,1,"spei1_1m_g","Northern"
1.384457,1.51752026938962,1.05900212877582,1.35598095897173,1.51751777749249,1.69814569998791,1.51752013371274,6.58161984703252e-09,1,"spei1_1m_g","Northern"
1.52655492653819,1.41981155815972,1.06244466294379,1.26061491317132,1.41980916935391,1.5989543868789,1.41981164278709,5.09555546728884e-09,1,"spei1_1m_g","Northern"
1.652847,1.32103147078353,1.06538333529519,1.16656692787462,1.32102925503572,1.49579336812473,1.32103186448164,2.42384178030089e-09,1,"spei1_1m_g","Northern"
1.78274737299548,1.25547959818513,1.0734737938117,1.09233425775746,1.25547721271009,1.44282364704881,1.25547997234726,6.28301025254821e-10,1,"spei1_1m_g","Northern"
1.90823168488152,1.21343595090606,1.09085258448957,1.02298514047176,1.21343306946104,1.43913799474766,1.21343622213016,1.37210245502813e-09,1,"spei1_1m_g","Northern"
2.0362295,1.17778013395523,1.12124190753751,0.940779399939664,1.17777641796113,1.47420911252301,1.17778037965933,4.01170987250778e-09,1,"spei1_1m_g","Northern"
2.171846,1.13913112658482,1.17109486269871,0.835419384936967,1.13912614958803,1.55285271253929,1.13913141514926,6.55142729394092e-09,1,"spei1_1m_g","Northern"
2.291769,1.10116654780289,1.23383898920828,0.72892375338808,1.10116014942904,1.66293027548927,1.10116693340648,7.7429232122257e-09,1,"spei1_1m_g","Northern"
2.58765585566026,0.997347922092714,1.48117767041832,0.461198255325336,0.997337157976513,2.15538794298935,0.997348778495211,7.98033008482884e-09,1,"spei1_1m_g","Northern"
-2.7796665,2.27988796407623,1.36775274668522,1.2327779513257,2.27986888217854,4.21422982548436,2.27989108959235,8.40619532604111e-09,1,"spei6_5m_g","Northern"
-2.6501186419918,2.11303464770431,1.26602309825608,1.32977851997326,2.11302111925227,3.35633535607345,2.11303641095856,8.07024428993517e-09,1,"spei6_5m_g","Northern"
-2.52164,1.95615068457113,1.18694659845161,1.39723342506359,1.95614158706456,2.73787321998707,1.95615161733668,6.67019248782126e-09,1,"spei6_5m_g","Northern"
-2.377739,1.7820182496654,1.12305849691079,1.41891171624833,1.78201262051574,2.23761946049086,1.78201878074831,3.54382447072902e-09,1,"spei6_5m_g","Northern"
-2.241505,1.60135895150793,1.08646435140232,1.36074948490048,1.60135526792433,1.88425747204935,1.60135914240481,7.99291011906877e-10,1,"spei6_5m_g","Northern"
-2.10222786420954,1.43057315506707,1.06879300792443,1.25540022575081,1.43057043760253,1.63001231165161,1.43057302716387,1.78830656632735e-09,1,"spei6_5m_g","Northern"
-1.95548981751188,1.28304455065938,1.06202208128486,1.14007342641233,1.28304225946858,1.44380424453193,1.28304420652006,5.9183785495395e-09,1,"spei6_5m_g","Northern"
-1.81552315531785,1.16808385712196,1.0589489305686,1.04384508787442,1.1680818515195,1.30698861964909,1.16808347419429,8.89947390131349e-09,1,"spei6_5m_g","Northern"
-1.672173,1.07776560099011,1.05612762417772,0.968191115731339,1.0777638192532,1.19963537660363,1.07776521555116,1.08506043336727e-08,1,"spei6_5m_g","Northern"
-1.53285044855361,0.999582688809701,1.05404044590368,0.901451252149781,0.999581100202903,1.10830246838542,0.999582359695522,1.08212350586045e-08,1,"spei6_5m_g","Northern"
-1.38873844299109,0.957353373941613,1.05159475393205,0.867314337665358,0.957351927589849,1.05665379286433,0.957353095760953,1.00086371671702e-08,1,"spei6_5m_g","Northern"
-1.24349535591452,0.953289067889815,1.04935401397978,0.867256668917281,0.953287709408078,1.04777421982435,0.953288865466961,8.47816481914014e-09,1,"spei6_5m_g","Northern"
-1.10131746142861,1.02091143548987,1.04756456126873,0.931893717595623,1.02091003498485,1.11834828662697,1.02091123392074,8.52841472308911e-09,1,"spei6_5m_g","Northern"
-0.958525206315464,1.16078443322806,1.04595367014862,1.06277687747163,1.16078285997631,1.26773807638314,1.16078412188146,1.19443121544087e-08,1,"spei6_5m_g","Northern"
-0.814466697771735,1.29702013548482,1.04422384884328,1.19137525747449,1.29701844026418,1.41193463834364,1.29701974894276,1.6975589088245e-08,1,"spei6_5m_g","Northern"
-0.675153552569464,1.31409679241191,1.04377473953994,1.20808085815757,1.31409508343663,1.42931762320518,1.31409640078061,1.98066669875824e-08,1,"spei6_5m_g","Northern"
-0.5286709,1.18244931824224,1.04388594100586,1.08682671533491,1.18244781926485,1.2863957213572,1.18244910680385,1.37064873858827e-08,1,"spei6_5m_g","Northern"
-0.3828509,1.08631566028176,1.04334033640087,0.999492635311183,1.08631430356309,1.18059972858409,1.08631547412708,1.31192458537204e-08,1,"spei6_5m_g","Northern"
-0.242991658874809,1.01109319668165,1.04335112994932,0.930263408209378,1.01109191570853,1.09887088047258,1.01109297256804,1.38753653336466e-08,1,"spei6_5m_g","Northern"
-0.0981510876588227,0.926686052703772,1.04390645451225,0.851713766475762,0.926684863325448,1.00818779233104,0.926685845573321,1.33591655907942e-08,1,"spei6_5m_g","Northern"
0.041213775,0.850990838590916,1.04441717434435,0.78139182547661,0.850989738921668,0.926723931022488,0.850990661060411,1.17542981795308e-08,1,"spei6_5m_g","Northern"
0.188599365131618,0.78878768229379,1.04477859093524,0.7237841962498,0.788786673143686,0.859568156428229,0.788787564755275,7.54157398064166e-09,1,"spei6_5m_g","Northern"
0.333253260605522,0.720118206648494,1.04506934816843,0.660412800533313,0.72011729704517,0.785165041628547,0.720118163726106,3.70409659610208e-09,1,"spei6_5m_g","Northern"
0.474084883206618,0.707098878023221,1.0453314314227,0.648153773024002,0.707097984580292,0.77134901050858,0.707098835876845,2.69932504667573e-09,1,"spei6_5m_g","Northern"
0.6170452,0.699017255779169,1.04580206516229,0.640179831169932,0.699016361446278,0.763206642583668,0.699017214114495,2.32776128345383e-09,1,"spei6_5m_g","Northern"
0.760198945167286,0.723966120153326,1.04619854588581,0.662535486686588,0.723965176906133,0.791034560159775,0.723966055425714,3.44362091618396e-09,1,"spei6_5m_g","Northern"
0.905412207108413,0.77270754433867,1.04630597525249,0.706998544544709,0.77270651694524,0.844461631063932,0.772707406167806,5.56909005387203e-09,1,"spei6_5m_g","Northern"
1.04737,0.783653759853351,1.04716517155042,0.715859337444842,0.783652703270088,0.857804429033242,0.7836536314025,4.53877869008576e-09,1,"spei6_5m_g","Northern"
1.18963064009183,0.756519758686269,1.04914698636357,0.688512033194622,0.756518700465913,0.831180129813372,0.756519668502091,3.81026992722553e-09,1,"spei6_5m_g","Northern"
1.329144,0.727224721454829,1.05186879887298,0.658492247895962,0.727223668074802,0.803065378310263,0.727224656435875,4.13951527832822e-09,1,"spei6_5m_g","Northern"
1.474717,0.698122663164512,1.05497837956765,0.628487689699585,0.698121606864278,0.775405450371073,0.698122642358835,3.57265292892807e-09,1,"spei6_5m_g","Northern"
1.618983,0.691307603312365,1.057552208757,0.61938207857111,0.691306512186471,0.771514996915294,0.691307623914937,2.15433237859376e-09,1,"spei6_5m_g","Northern"
1.763811,0.693316671884196,1.06340724803348,0.614484983830413,0.693315508753001,0.782182849669839,0.693316775196439,5.27963339435895e-10,1,"spei6_5m_g","Northern"
1.90533268611754,0.70865378451122,1.07924971091019,0.610104987922554,0.708652311935382,0.823017777796019,0.708653953467468,2.96544214170736e-09,1,"spei6_5m_g","Northern"
2.038148,0.747498896679952,1.11107791486218,0.607853167817879,0.747496779086437,0.919067002205709,0.747499186283649,5.27974072228656e-09,1,"spei6_5m_g","Northern"
2.198048,0.815856440107075,1.17599183708419,0.593453172889512,0.81585285082181,1.12130899499834,0.815856853452263,5.61304949038613e-09,1,"spei6_5m_g","Northern"
2.308995,0.870839982246988,1.23941227367263,0.571379317792697,0.870834840508083,1.32678078447617,0.870840371542884,5.14766866479791e-09,1,"spei6_5m_g","Northern"
